cap-shape;cap-surface;cap-color;bruises?;odor;gill-attachment;gill-spacing;gill-size;gill-color;stalk-shape;stalk-root;stalk-surface-above-ring;stalk-surface-below-ring;stalk-color-above-ring;stalk-color-below-ring;veil-type;veil-color;ring-number;ring-type;spore-print-color;population;habitat;edible
;;;;;;;;;;c;;;;;;w;o;;;;;e
;;;f;n;;w;;;;;;;;;;w;;;;;;e
f;;;f;;;w;;;;;;;;;;w;;;;;;e
;;;f;;;w;;;;;;;;;;w;;;w;;;e
;;;f;;;w;;w;;;;;;;;w;;;;;;e
k;;;f;;;w;;;;;;;;;;w;;;;;;e
b;;;f;;;w;;;;;;;;;;w;;;;;;e
;;;;;;w;;;;;;;;;;w;;e;;;;e
;;;;;;;;;;;;;;;;w;;e;;c;;e
;;y;;;;;;;;c;;;;;;w;;;;;;e
b;;;;;;;;;;c;;;;;;w;;;;;;e
;y;;;;;c;;;;b;s;;;;;;o;;;;;e
;;;;n;;c;;;;;s;;;;;;o;;;;;e
b;;;;;;c;;;;;s;;;;;;o;;;;;e
;y;;;;;c;;;;b;;s;;;;;o;;;;;e
;;;;n;;c;;;;;;s;;;;;o;;;;;e
b;;;;;;c;;;;;;s;;;;;o;;;;;e
;y;;;;;c;;;;b;;;w;;;;o;;;;;e
;y;;;;;c;;;;b;;;;w;;;o;;;;;e
;;;;n;;c;;;;;;;;w;;;o;;;;;e
b;;;;;;c;;;;;;;;w;;;o;;;;;e
;y;;;;;c;;;;b;;;;;;;o;p;;;;e
;;;;n;;c;;;;;;;;;;;o;p;;;;e
b;;;;;;c;;;;;;;;;;;o;p;;;;e
;;;;n;;c;;;;b;;;;;;;o;;;;;e
;y;;t;;;c;;;;b;;;;;;;o;;;;;e
;y;;;;;c;;w;;b;;;;;;;o;;;;;e
;;;t;n;;c;;;;;;;;;;;o;;;;;e
b;;;t;;;c;;;;;;;;;;;o;;;;;e
b;;w;;;;c;;;;;;;;;;;o;;;;;e
;;;;;;c;;;;c;;;;;;;o;;;;;e
;;;;;;c;;;;;;;;;;;o;;;c;;e
;;;;;;c;;y;;;;;;;;;o;;;;;e
;;;;;;;b;;e;;s;;;;;;o;;;;;e
;y;;;;;;b;;;;s;;;;;;o;;;;;e
;;;;;;;b;g;;;s;;;;;;o;;;;;e
;;;;;;;b;;e;;;s;;;;;o;;;;;e
;y;;;;;;b;;;;;s;;;;;o;;;;;e
;;;;;;;b;g;;;;s;;;;;o;;;;;e
;;;;;;;b;;e;;;;w;;;;o;;;;;e
;y;;;;;;b;;;;;;w;;;;o;;;;;e
;;;;;;;b;g;;;;;w;;;;o;;;;;e
;;;;;;;b;;e;;;;;w;;;o;;;;;e
;y;;;;;;b;;;;;;;w;;;o;;;;;e
;;;;;;;b;g;;;;;;w;;;o;;;;;e
;;;;;;;b;;e;;;;;;;;o;p;;;;e
;y;;;;;;b;;;;;;;;;;o;p;;;;e
;;;;;;;b;g;;;;;;;;;o;p;;;;e
;;;;n;;;b;;;;;;;;;;o;;;;;e
;;;t;;;;b;;e;;;;;;;;o;;;;;e
;s;;;;;;b;;e;;;;;;;;o;;;;;e
;;;;;;;b;w;e;;;;;;;;o;;;;;e
;;w;;;;;b;;e;;;;;;;;o;;;;;e
;y;;t;;;;b;;;;;;;;;;o;;;;;e
;y;;;;;;b;w;;;;;;;;;o;;;;;e
;y;w;;;;;b;;;;;;;;;;o;;;;;e
;;;;;;;b;w;;;;;;;;;o;;;;d;e
;s;;;;;;b;g;;;;;;;;;o;;;;;e
;;n;;;;;b;;;;;;;;;;o;;;;;e
;;e;;;;;b;;;;;;;;;;o;;;;;e
;;w;;;;;b;g;;;;;;;;;o;;;;;e
;;;;;;;b;;;c;;;;;;;o;;;;;e
b;;;;;;;b;;;;;;;;;;o;;;;;e
;;;;;;;b;;;;;;;;;;o;;;c;;e
;;;;;;;b;;;;;y;;;;;o;;;;;e
;;;;;;;b;y;;;;;;;;;o;;;;;e
;y;;;;;;;;;b;s;;;;;;o;;;v;;e
;;;;n;;;;;;;s;;;;;;o;;;v;;e
;y;;;;;;;g;;;s;;;;;;o;;;;;e
;;;;;;;;g;;;s;;;;;;o;;;;g;e
;y;;;;;;;;;b;;s;;;;;o;;;v;;e
;;;;n;;;;;;;;s;;;;;o;;;v;;e
;y;;;;;;;g;;;;s;;;;;o;;;;;e
;;;;;;;;g;;;;s;;;;;o;;;;g;e
;y;;;;;;;;;b;;;w;;;;o;;;v;;e
;y;;;;;;;g;;;;;w;;;;o;;;;;e
;;;;;;;;g;;;;;w;;;;o;;;;g;e
;y;;;;;;;;;b;;;;w;;;o;;;v;;e
;;;;n;;;;;;;;;;w;;;o;;;v;;e
;y;;;;;;;g;;;;;;w;;;o;;;;;e
;;;;;;;;g;;;;;;w;;;o;;;;g;e
;y;;;;;;;;;b;;;;;;;o;p;;v;;e
;;;;n;;;;;;;;;;;;;o;p;;v;;e
;;;;n;;;;;;b;;;;;;;o;;;v;;e
;y;;t;;;;;;;b;;;;;;;o;;;v;;e
;y;;;;;;;w;;b;;;;;;;o;;;v;;e
;;;t;n;;;;;;;;;;;;;o;;;v;;e
;y;;;;;;;g;;;;;;;;;o;p;;;;e
;;;;;;;;g;;;;;;;;;o;p;;;g;e
x;;;;;;;;;;c;;;;;;;o;;;;;e
;s;;;n;;;;;;;;;;;;;o;;;;;e
;;;;n;;;;;;;;;;;;;o;;;;g;e
;;;t;;;;;g;;;;;;;;;o;;;;;e
b;s;;;;;;;;;;;;;;;;o;;;;;e
;;n;;;;;;;;;;;;;;;o;;;c;;e
;;n;;;;;;y;;;;;;;;;o;;;;;e
b;;;;;;;;;;;;;;;;;o;;;;g;e
;;e;;;;;;w;;;;;;;;;o;;;;;e
b;;;;;;;;g;;;;;;;;;o;;;;;e
;;;;;;;;;;;;;;;;;o;;;;m;e
;;;;;a;;;;;;;;;;;;o;;;;;e
;;;;n;;c;n;;;;s;;;;;;;;;;;e
;;;;n;;c;;;;;s;;;;;;;;w;;;e
k;;;;n;;c;;;;;s;;;;;;;;;;;e
;;;;;;c;;;e;;s;;;;;;;;w;;;e
k;;;;;;c;;;e;;s;;;;;;;;;;;e
;;;;;;c;;w;;;s;;;;;;;;w;;;e
;;;;;;c;;;;;s;;;;;;;;;c;;e
;;;;n;;c;n;;;;;s;;;;;;;;;;e
;;;;n;;c;;;;;;s;;;;;;;w;;;e
k;;;;n;;c;;;;;;s;;;;;;;;;;e
;;;;;;c;;;e;;;s;;;;;;;w;;;e
k;;;;;;c;;;e;;;s;;;;;;;;;;e
;;;;;;c;;w;;;;s;;;;;;;w;;;e
;;;;;;c;;;;;;s;;;;;;;;c;;e
;;;;;;c;;;;;;;w;;;;;;;c;;e
;;;;n;;c;n;;;;;;;w;;;;;;;;e
;;;;n;;c;;;;;;;;w;;;;;w;;;e
;;;;;;c;;;e;;;;;w;;;;;w;;;e
;;;;;;c;;w;;;;;;w;;;;;w;;;e
;;;;;;c;;;;;;;;w;;;;;;c;;e
;;;;n;;c;n;;;;;;;;;;;p;;;;e
;;;;;;c;;;;;;;;;;;;p;;;l;e
k;;;;;;c;;;;;;;;;;;;p;;;;e
;;;;;;c;;;;;;;;;;;;p;;c;;e
;;;;n;;c;;;;;;;;;;;;;;;l;e
;;;;n;;c;;;;;;;;;;;;;;c;;e
;;;;n;;c;;y;;;;;;;;;;;;;;e
;;;;;;c;;;e;;;;;;;;;;;;l;e
;;;t;;;c;;;;;;;;;;;;;;c;;e
;;;t;;;c;;;;;;;;;;;;;w;;;e
k;;;t;;;c;;;;;;;;;;;;;;;;e
;;;;;;c;;;;;;;;;;;;e;;c;;e
;;y;;;;c;;;;c;;;;;;;;;;;;e
;;;;;;c;;;;;;;;;;;;;;c;l;e
;;;;;;c;;y;;;;;;;;;;;;;l;e
b;;;;;;c;;;;c;;;;;;;;;;;;e
;;;f;;;;b;;;;s;;;;;;;;;;;e
x;;;;;;;b;;e;;s;;;;;;;;;;;e
x;y;;;;;;b;;;;s;;;;;;;;;;;e
x;;;;;;;b;g;;;s;;;;;;;;;;;e
;;g;;;;;b;;e;;s;;;;;;;;;;;e
;;;;;;;b;p;e;;s;;;;;;;;;;;e
;y;;;;;;b;p;;;s;;;;;;;;;;;e
;;;;;;;b;;;;s;;;;;;;;;;d;e
;;;;;;;b;;;;s;;;;;;;;w;;;e
;f;;;;;;b;;;;s;;;;;;;;;;;e
;;;;;;;b;;;;s;k;;;;;;;;;;e
;;n;;;;;b;;;;s;;;;;;;;;;;e
;;;;;;;b;;;;s;;;p;;;;;;;;e
;;;;;;;b;;;;s;;p;;;;;;;;;e
;;e;;;;;b;;;;s;;;;;;;;;;;e
;;;;;;;b;;;;s;;;;;;;;;;p;e
k;;;;;;;b;;;;s;;;;;;;;;;;e
;;;;;;;b;;;;s;;;;;;;;;c;;e
;;;f;;;;b;;;;;s;;;;;;;;;;e
x;;;;;;;b;;e;;;s;;;;;;;;;;e
x;y;;;;;;b;;;;;s;;;;;;;;;;e
x;;;;;;;b;g;;;;s;;;;;;;;;;e
;;g;;;;;b;;e;;;s;;;;;;;;;;e
;y;;;;;;b;p;;;;s;;;;;;;;;;e
;;;;;;;b;;;;;s;;;;;;;;;d;e
;;;;;;;b;;;;;s;;;;;;;w;;;e
;;;;;;;b;;;;k;s;;;;;;;;;;e
;f;;;;;;b;;;;;s;;;;;;;;;;e
;;n;;;;;b;;;;;s;;;;;;;;;;e
;;;;;;;b;;;;;s;;p;;;;;;;;e
;;;;;;;b;;;;;s;p;;;;;;;;;e
;;e;;;;;b;;;;;s;;;;;;;;;;e
k;;;;;;;b;;;;;s;;;;;;;;;;e
;;;;;;;b;;;;;s;;;;;;;;c;;e
;;;f;;;;b;;t;;;;;;;;;;;;;e
;;;f;;;;b;;;;;;w;;;;;;;;;e
;;;f;;;;b;;;;;;;w;;;;;;;;e
;;;f;;;;b;;;;;;;;;;;p;;;;e
;;;f;n;;;b;;;;;;;;;;;;;;;e
;s;;f;;;;b;;;;;;;;;;;;;;;e
;;;f;;;;b;;;;;;;;;;;;;s;;e
;;w;f;;;;b;;;;;;;;;;;;;;;e
b;;;f;;;;b;;;;;;;;;;;;;;;e
;y;;;;;;b;;t;;;;;;;;;;;;;e
;;;;;;;b;;t;;;;;;;;;;;;d;e
;;n;;;;;b;;t;;;;;;;;;;;;;e
;;;;;;;b;;t;;;;;p;;;;;;;;e
;;;;;;;b;;t;;;;p;;;;;;;;;e
;;e;;;;;b;;t;;;;;;;;;;;;;e
x;;;;;;;b;;e;;;;w;;;;;;;;;e
x;y;;;;;;b;;;;;;w;;;;;;;;;e
x;;;;;;;b;g;;;;;w;;;;;;;;;e
;;g;;;;;b;;e;;;;w;;;;;;;;;e
;;;;;;;b;p;e;;;;w;;;;;;;;;e
;y;;;;;;b;p;;;;;w;;;;;;;;;e
;;;;;;;b;;;;;;w;;;;;;;;d;e
;;;;;;;b;;;;;;w;;;;;;w;;;e
;;;;;;;b;;;;k;;w;;;;;;;;;e
;f;;;;;;b;;;;;;w;;;;;;;;;e
;;;;;;;b;;;;;k;w;;;;;;;;;e
;;n;;;;;b;;;;;;w;;;;;;;;;e
;;;;;;;b;;;;;;w;p;;;;;;;;e
;;e;;;;;b;;;;;;w;;;;;;;;;e
;;;;;;;b;;;;;;w;;;;;;;;p;e
;;y;;;;;b;;;;;;w;;;;;;;;;e
k;;;;;;;b;;;;;;w;;;;;;;;;e
;;;;;;;b;;;;;;w;;;;;;;c;;e
;;;;;;;b;;;;;y;w;;;;;;;;;e
x;;;;;;;b;;e;;;;;w;;;;;;;;e
x;y;;;;;;b;;;;;;;w;;;;;;;;e
x;;;;;;;b;g;;;;;;w;;;;;;;;e
;;g;;;;;b;;e;;;;;w;;;;;;;;e
;;;;;;;b;p;e;;;;;w;;;;;;;;e
;y;;;;;;b;p;;;;;;w;;;;;;;;e
;;;;;;;b;;;;;;;w;;;;;;;d;e
;;;;;;;b;;;;;;;w;;;;;w;;;e
;;;;;;;b;;;;k;;;w;;;;;;;;e
;f;;;;;;b;;;;;;;w;;;;;;;;e
;;;;;;;b;;;;;k;;w;;;;;;;;e
;;n;;;;;b;;;;;;;w;;;;;;;;e
;;;;;;;b;;;;;;p;w;;;;;;;;e
;;e;;;;;b;;;;;;;w;;;;;;;;e
;;;;;;;b;;;;;;;w;;;;;;;p;e
k;;;;;;;b;;;;;;;w;;;;;;;;e
;;;;;;;b;;;;;;;w;;;;;;c;;e
x;y;;;;;;b;w;;;;;;;;;;;;v;;e
;;;;;;;b;w;;;;;;;;;;;;v;d;e
;;n;;;;;b;;;;;;;;;;;;;v;;e
;;e;;;;;b;;;;;;;;;;;;;v;;e
x;;;;;;;b;;e;;;;;;;;;p;;;;e
x;y;;;;;;b;;;;;;;;;;;p;;;;e
x;;;;;;;b;g;;;;;;;;;;p;;;;e
;;g;;;;;b;;e;;;;;;;;;p;;;;e
;;;;;;;b;p;e;;;;;;;;;p;;;;e
;y;;;;;;b;p;;;;;;;;;;p;;;;e
;;;;;;;b;;;;;;;;;;;p;;;d;e
;;;;;;;b;;;;;;;;;;;p;w;;;e
;f;;;;;;b;;;;;;;;;;;p;;;;e
;;n;;;;;b;;;;;;;;;;;p;;;;e
k;;;;;;;b;;;;;;;;;;;p;;;;e
;;;;;;;b;;;;;;;;;;;p;;c;;e
x;;;;n;;;b;;;;;;;;;;;;;;;e
x;;;t;;;;b;;e;;;;;;;;;;;;;e
x;s;;;;;;b;;e;;;;;;;;;;;;;e
x;;;;;;;b;w;e;;;;;;;;;;;;g;e
x;;w;;;;;b;;e;;;;;;;;;;;;;e
x;y;;t;;;;b;;;;;;;;;;;;;;;e
x;y;w;;;;;b;;;;;;;;;;;;;;;e
;;;;n;;;b;;;;;;;;;;;;;;d;e
;;;;n;;;b;;;;;;;;;;;;w;;;e
;;;;n;;;b;;;;k;;;;;;;;;;;e
;f;;;n;;;b;;;;;;;;;;;;;;;e
;;n;;n;;;b;;;;;;;;;;;;;;;e
k;;;;n;;;b;;;;;;;;;;;;;;;e
;;;;n;;;b;;;;;;;;;;;;;c;;e
;;;;n;;;b;y;;;;;;;;;;;;;;e
;;;t;;;;b;p;e;;;;;;;;;;;;;e
;s;g;;;;;b;;e;;;;;;;;;;;;;e
;;;;;;;b;;e;;;;;;;;;;;s;;e
;y;;t;;;;b;p;;;;;;;;;;;;;;e
;;;t;;;;b;;;;;;;;;;;;;c;;e
;;;t;;;;b;;;;;;;;;;;;w;;;e
;;n;t;;;;b;;;;;;;;;;;;;;;e
k;;;t;;;;b;;;;;;;;;;;;;;;e
;y;;;;;;b;;;;;;;;;;;;;s;;e
;;;;;;;b;;;;;;;;;;;e;;;;e
;s;;;;;;b;;;;;;;;;;;;w;;;e
;s;;;;;;b;;;;k;;;;;;;;;;;e
;s;;;;;;b;;;;;k;;;;;;;;;;e
;s;n;;;;;b;;;;;;;;;;;;;;;e
k;s;;;;;;b;;;;;;;;;;;;;;;e
;;;;;;;b;;;?;;;;;;;;;;;;e
;f;;;;;;b;;;;;;;;;;;;w;;;e
;;;;;;;b;;;;;k;;;;;;;w;;;e
;;w;;;;;b;;;;;;;;;;;;w;;;e
b;;;;;;;b;;;;;;;;;;;;w;;;e
;f;n;;;;;b;;;;;;;;;;;;;;;e
;f;;;;;;b;;;;;;;;;;;;;s;;e
;f;;;;;;b;w;;;;;;;;;;;;;;e
;f;w;;;;;b;;;;;;;;;;;;;;;e
;;n;;;;;b;;;;;;;;;;;;;;g;e
;;n;;;;;b;;;;;;;p;;;;;;;;e
;;n;;;;;b;;;;;;p;;;;;;;;;e
;;n;;;;;b;p;;;;;;;;;;;;;;e
;;n;;;;;b;;;;;;;;;;;;;s;;e
;;n;;;;;b;;;;;;;;;;;;;;p;e
b;;n;;;;;b;;;;;;;;;;;;;;;e
;;;;;;;b;;;;;;;;;;;;n;;;e
;;;;;;;b;;;;;;;;;;;;k;;;e
;;e;;;;;b;;;;;;;p;;;;;;;;e
;;e;;;;;b;;;;;;p;;;;;;;;;e
;;;;;;w;b;;;;;;;;;;;;;;;e
;;;;;;;b;g;;;;;;;;;;;;s;;e
;;y;;;;;b;w;;;;;;;;;;;;;;e
;;;;;;;b;;;e;;;;;;;;;;;;e
;;y;;;;;b;;;c;;;;;;;;;;;;e
b;;y;;;;;b;;;;;;;;;;;;;;;e
;;y;;;;;b;;;;;y;;;;;;;;;;e
;;;;;;;b;n;;;;;;;;;;;;;;e
;;;;;;;b;;;;;;;;;;;;;;l;e
b;;;;;;;b;;;c;;;;;;;;;;;;e
;;;;;;;b;u;;;;;;;;;;;;;;e
;;;;;;;b;k;;;;;;;;;;;;;;e
;;;f;n;;;;;;;s;;;;;;;;;;;e
;y;;f;;;;;;e;;s;;;;;;;;;;;e
f;;;f;;;;;;e;;s;;;;;;;;;;;e
;;;f;;;;;;e;;s;;;;;;;;w;;;e
;;n;f;;;;;;e;;s;;;;;;;;;;;e
;;;f;;;;;;e;;s;;;;;;;;;;l;e
k;;;f;;;;;;e;;s;;;;;;;;;;;e
f;;g;f;;;;;;;;s;;;;;;;;;;;e
f;;;f;;;;;p;;;s;;;;;;;;;;;e
f;;;f;;;w;;;;;s;;;;;;;;;;;e
;;;f;;;w;;;;;s;;;;;;;;w;;;e
;;;f;;;;;;;;s;;;;;;;;;;g;e
k;;;f;;;w;;;;;s;;;;;;;;;;;e
;;;f;;;;;w;;;s;;;;;;;;;;;e
;;;f;;;;;h;;;s;;;;;;;;;;;e
b;;;f;;;;;;;;s;;;;;;;;;;;e
;;;f;;;;;;;;s;;;;;;;;;c;;e
;;;;n;;;n;;;;s;;;;;;;;;v;;e
x;y;;;;;;;;;b;s;;;;;;;;;;;e
;y;;;;;;;;;b;s;;;;;;;;;;d;e
;y;;;;;;;p;;b;s;;;;;;;;;;;e
f;;;;;;;;;;b;s;;;;;;;;;;d;e
;;;;;;;;;;b;s;;;p;;;;;;;;e
;;;;;;;;;;b;s;;p;;;;;;;;;e
x;;;;n;;;;;;;s;;;;;;;;;;;e
x;;;;;;;;;e;;s;;;;;;;;w;;;e
x;;;;;;;;w;;;s;;;;;;;;w;;;e
x;;;;;;;;;;;s;;;;;;;;;c;;e
;;;;n;;;;;;;s;;;;;;;;;;d;e
;;;;n;;;;;;;s;;;;;;;e;;;;e
;;;;n;;;;;;?;s;;;;;;;;;;;e
;f;;;n;;;;;;;s;;;;;;;;;;;e
;;n;;n;;;;;;;s;;;;;;;;;;;e
;;;;;;;;;e;;s;;;;;;;e;;;;e
;;;;;;;;;e;?;s;;;;;;;;;;;e
;;n;;;;;;;e;;s;;;;;;;;w;;;e
;;;;;;;;;e;;s;k;;;;;;;;;;e
k;;n;;;;;;;e;;s;;;;;;;;;;;e
;;g;;;;;;;e;;s;;;;;;;;;;g;e
;;;;;;;;;e;;s;;;;;;;;;;p;e
;y;;;;;;;p;;;s;;;;;;;;;;d;e
;y;g;;;;;;;;;s;;;;;;;;;;;e
f;;g;;;;;;;;;s;;;;;;;;;;d;e
f;;;;;;;;p;;;s;;;;;;;;;;d;e
f;f;;;;;;;;;;s;;;;;;;;;;;e
;;;;;;;;w;;;s;;;;;;;;;;d;e
;f;;;;;;;;;;s;;;;;;;e;;;;e
;;;;;;w;;;;;s;;;;;;;e;;;;e
;;;;;;;;w;;;s;;;;;;;e;;;;e
;;;;;;;;;;;s;;;;;;;e;;c;;e
;f;;;;;;;;;?;s;;;;;;;;;;;e
;;;;;;;;w;;?;s;;;;;;;;;;;e
b;;;;;;;;;;?;s;;;;;;;;;;;e
;f;;;;;;;;;;s;;;;;;;;w;;;e
;f;n;;;;;;;;;s;;;;;;;;;;;e
;f;;;;;;;;;;s;;;;;;;;;;g;e
;f;;;;;;;;;;s;;;p;;;;;;;;e
;f;;;;;;;;;;s;;p;;;;;;;;;e
;f;;;;;;;w;;;s;;;;;;;;;;;e
;;;;;;;;;;;s;k;;;;;;;;;g;e
;;n;;;;;;;;;s;;;;;;;;;c;;e
;;g;;;;;;;;;s;;;p;;;;;;;;e
;;;;;;;;p;;;s;;;p;;;;;;;;e
;;g;;;;;;;;;s;;p;;;;;;;;;e
;;;;;;;;p;;;s;;p;;;;;;;;;e
;;;;;;;;;;;s;;;;;;;;;y;;e
;;e;;;;;;w;;;s;;;;;;;;;;;e
;;y;;;;;;;;;s;;;;;;;;;;;e
;;;;;;;;;;c;s;;;;;;;;;;;e
;;;;;;;;;;;s;y;;;;;;;;;;e
;;;;;a;;;;;;s;;;;;;;;;;;e
;;;;;;;;y;;;s;;;;;;;;;;;e
;;;f;n;;;;;;;;s;;;;;;;;;;e
f;;;f;;;;;;e;;;s;;;;;;;;;;e
;;;f;;;;;;e;;;s;;;;;;;w;;;e
;;n;f;;;;;;e;;;s;;;;;;;;;;e
;;;f;;;;;;e;;;s;;;;;;;;;l;e
k;;;f;;;;;;e;;;s;;;;;;;;;;e
f;;g;f;;;;;;;;;s;;;;;;;;;;e
f;;;f;;;;;p;;;;s;;;;;;;;;;e
f;;;f;;;w;;;;;;s;;;;;;;;;;e
;;;f;;;w;;;;;;s;;;;;;;w;;;e
;;;f;;;;;;;;;s;;;;;;;;;g;e
k;;;f;;;w;;;;;;s;;;;;;;;;;e
;;;f;;;;;w;;;;s;;;;;;;;;;e
;;;f;;;;;h;;;;s;;;;;;;;;;e
b;;;f;;;;;;;;;s;;;;;;;;;;e
;;;f;;;;;;;;;s;;;;;;;;c;;e
;;;;n;;;n;;;;;s;;;;;;;;v;;e
x;y;;;;;;;;;b;;s;;;;;;;;;;e
;y;;;;;;;;;b;;s;;;;;;;;;d;e
;y;;;;;;;p;;b;;s;;;;;;;;;;e
f;;;;;;;;;;b;;s;;;;;;;;;d;e
;;;;;;;;;;b;;s;;p;;;;;;;;e
;;;;;;;;;;b;;s;p;;;;;;;;;e
x;;;;n;;;;;;;;s;;;;;;;;;;e
x;;;;;;;;;e;;;s;;;;;;;w;;;e
x;;;;;;;;w;;;;s;;;;;;;w;;;e
x;;;;;;;;;;;;s;;;;;;;;c;;e
;;;;n;;;;;;;;s;;;;;;;;;d;e
;;;;n;;;;;;;;s;;;;;;e;;;;e
;;;;n;;;;;;?;;s;;;;;;;;;;e
;;;;n;;;;;;;k;s;;;;;;;;;;e
;f;;;n;;;;;;;;s;;;;;;;;;;e
;;n;;n;;;;;;;;s;;;;;;;;;;e
;;;;;;;;;e;;;s;;;;;;e;;;;e
;;;;;;;;;e;?;;s;;;;;;;;;;e
;;n;;;;;;;e;;;s;;;;;;;w;;;e
;;;;;;;;;e;;k;s;;;;;;;;;;e
k;;n;;;;;;;e;;;s;;;;;;;;;;e
;;g;;;;;;;e;;;s;;;;;;;;;g;e
;y;;;;;;;p;;;;s;;;;;;;;;d;e
;y;g;;;;;;;;;;s;;;;;;;;;;e
f;;g;;;;;;;;;;s;;;;;;;;;d;e
f;;;;;;;;p;;;;s;;;;;;;;;d;e
f;f;;;;;;;;;;;s;;;;;;;;;;e
;;;;;;;;w;;;;s;;;;;;;;;d;e
;f;;;;;;;;;;;s;;;;;;e;;;;e
;;;;;;w;;;;;;s;;;;;;e;;;;e
;;;;;;;;w;;;;s;;;;;;e;;;;e
;;;;;;;;;;;;s;;;;;;e;;c;;e
;f;;;;;;;;;?;;s;;;;;;;;;;e
;;;;;;;;w;;?;;s;;;;;;;;;;e
b;;;;;;;;;;?;;s;;;;;;;;;;e
;f;;;;;;;;;;;s;;;;;;;w;;;e
;;;;;;;;;;;k;s;;;;;;;;;g;e
;f;n;;;;;;;;;;s;;;;;;;;;;e
;f;;;;;;;;;;;s;;;;;;;;;g;e
;f;;;;;;;;;;;s;;p;;;;;;;;e
;f;;;;;;;;;;;s;p;;;;;;;;;e
;f;;;;;;;w;;;;s;;;;;;;;;;e
;;n;;;;;;;;;;s;;;;;;;;c;;e
;;g;;;;;;;;;;s;;p;;;;;;;;e
;;;;;;;;p;;;;s;;p;;;;;;;;e
;;g;;;;;;;;;;s;p;;;;;;;;;e
;;;;;;;;p;;;;s;p;;;;;;;;;e
;;;;;;;;;;;;s;;;;;;;;y;;e
;;e;;;;;;w;;;;s;;;;;;;;;;e
;;y;;;;;;;;;;s;;;;;;;;;;e
;;;;;;;;;;c;;s;;;;;;;;;;e
;;;;;a;;;;;;;s;;;;;;;;;;e
;;;;;;;;y;;;;s;;;;;;;;;;e
;;;f;;;;;;t;;;;;;;;;;;;g;e
;;g;f;;;;;;t;;;;;;;;;;;;;e
;;;f;;;;;p;t;;;;;;;;;;;;;e
;;;f;;;;;;t;;;;;;;;;;;s;;e
;;w;f;;;;;;t;;;;;;;;;;;;;e
;;;f;;;;;h;t;;;;;;;;;;;;;e
;;;f;n;;w;;;;;;;w;;;;;;;;;e
f;;g;f;;;;;;;;;;w;;;;;;;;;e
f;;;f;;;;;p;;;;;w;;;;;;;;;e
f;;;f;;;w;;;;;;;w;;;;;;;;;e
;;;f;;;w;;;;;;;w;;;;;;w;;;e
;;;f;;;;;;;;;;w;;;;;;;;g;e
;;;f;;;w;;w;;;;;w;;;;;;;;;e
k;;;f;;;w;;;;;;;w;;;;;;;;;e
b;;;f;;;w;;;;;;;w;;;;;;;;;e
;;;f;;;;;h;;;;;w;;;;;;;;;e
;;;f;n;;;;;;;;;;w;;;;;;;;e
f;;;f;;;;;;e;;;;;w;;;;;;;;e
;;;f;;;;;;e;;;;;w;;;;;w;;;e
k;;;f;;;;;;e;;;;;w;;;;;;;;e
f;;;f;;;w;;;;;;;;w;;;;;;;;e
f;;g;f;;;;;;;;;;;w;;;;;;;;e
f;;;f;;;;;p;;;;;;w;;;;;;;;e
;;;f;;;w;;;;;;;;w;;;;;w;;;e
;;;f;;;;;;;;;;;w;;;;;;;g;e
k;;;f;;;w;;;;;;;;w;;;;;;;;e
;;;f;;;;;w;;;;;;w;;;;;;;;e
;;;f;;;;;h;;;;;;w;;;;;;;;e
b;;;f;;;;;;;;;;;w;;;;;;;;e
;;;f;n;;;;;;;;;;;;;;p;;;;e
f;;;f;;;;;;;;;;;;;;;p;;;;e
;;;f;;;;;;;;;;;;;;;p;w;;;e
;;n;f;;;;;;;;;;;;;;;p;;;;e
;;;f;;;;;;;;;;;;;;;p;;;g;e
;;;f;;;;;w;;;;;;;;;;p;;;;e
;;;f;;;;;;;;;;;;;;;p;;;l;e
k;;;f;;;;;;;;;;;;;;;p;;;;e
b;;;f;;;;;;;;;;;;;;;p;;;;e
;;;f;;;;;;;;;;;;;;;p;;c;;e
;;;f;n;;;;;;b;;;;;;;;;;;;e
;;;f;;;;;;;b;;;;;;;;;w;;;e
;;;f;;;;;w;;b;;;;;;;;;;;;e
;s;;f;n;;;;;;;;;;;;;;;;;;e
;;;f;n;;;;;;;;;;;;;;;;;g;e
;;w;f;n;;;;;;;;;;;;;;;;;;e
;;;f;n;;;;g;;;;;;;;;;;;;;e
f;s;;f;;;;;;e;;;;;;;;;;;;;e
;s;n;f;;;;;;e;;;;;;;;;;;;;e
f;s;g;f;;;;;;;;;;;;;;;;;;;e
f;;;f;;;;;;;;;;;;;;;;n;;;e
f;;;f;;;;;;;;;;;;;;;;k;;;e
f;;;f;;;;;;;;;;;;;;;;;s;;e
f;;;f;;;;;n;;;;;;;;;;;;;;e
f;;w;f;;;;;;;;;;;;;;;;;;;e
;s;;f;;;;;;;;;;;;;;;;;;g;e
;s;;f;;;;;w;;;;;;;;;;;;;;e
;s;;f;;;;;h;;;;;;;;;;;;;;e
b;s;;f;;;;;;;;;;;;;;;;;;;e
;;w;f;;;;;;;;;;;;;;;;w;;;e
;;n;f;;;;;;;;;;;;;;;;;;g;e
;;n;f;;;;;;;;;;;;;;;;n;;;e
;;n;f;;;;;;;;;;;;;;;;k;;;e
;;n;f;;;;;p;;;;;;;;;;;;;;e
;;n;f;;;;;;;;;;;;;;;;;s;;e
;;n;f;;;;;n;;;;;;;;;;;;;;e
;;;f;;;;;;;;;;;;;;;;n;;g;e
;;;f;;;;;;;;;;;;;;;;k;;g;e
;;;f;;;;;;;;;;;;;;;;;s;g;e
;;;f;;;;;w;;;;;;;;;;;;;g;e
;;;f;;;;;n;;;;;;;;;;;;;g;e
;;w;f;;;;;;;;;;;;;;;;;;g;e
b;;;f;;;;;;;;;;;;;;;;;;g;e
;;;f;;;;;h;;;;;;;;;;;;s;;e
;;w;f;;;;;w;;;;;;;;;;;;;;e
;;;f;;;;;;;e;;;;;;;;;;;;e
;;w;f;;;;;h;;;;;;;;;;;;;;e
;;;f;;;;;;;;;f;;;;;;;;;;e
;;;f;;;;;;;;;;;;;;t;;;;;e
;;;f;;;;;;;;f;;;;;;;;;;;e
;;;f;;;;;k;;;;;;;;;;;;;;e
;;;f;;;;;;;;;;;;;;;;;;u;e
;;;;;;;;;t;;;;;;;;;p;;;d;e
;;;;;;;;;t;b;;;;;;;;;;;d;e
;;;;;;;n;;t;;;;;;;;;p;;;;e
;;;;;;;n;;t;b;;;;;;;;;;;;e
;;;t;;;;n;;t;;;;;;;;;;;;;e
;;n;;;;;;;t;;;;;;;;;p;;;;e
;;n;t;;;;;;t;;;;;;;;;;;;;e
;;;;;;;;;t;b;;;;p;;;;;;;;e
;;;;;;;;;t;b;;;p;;;;;;;;;e
;;;;n;;;;;t;;;;;;;;;;;;;e
;y;g;;;;;;;t;;;;;;;;;;;;;e
;y;;;;;;;p;t;;;;;;;;;;;;;e
;y;;;;;;;w;t;;;;;;;;;;;;;e
;;g;;;;;;;t;;;;;;;;;;;;d;e
;;;;;;;;p;t;;;;;;;;;;;;d;e
;;;;;;;;w;t;;;;;;;;;;;;d;e
;f;;;;;;;;t;;;;;;;;;;;;;e
;;n;;;;;;;t;;;;;;;;;;;;g;e
;;n;;;;;;p;t;;;;;;;;;;;;;e
;;n;;;;;;;t;;;;;;;;;;;s;;e
;;n;;;;;;w;t;;;;;;;;;;;;;e
;;;;;;;;;t;;;;;;;;;;n;;;e
;;;;;;;;;t;;;;;;;;;;k;;;e
;;g;;;;;;;t;;;;;p;;;;;;;;e
;;;;;;;;p;t;;;;;p;;;;;;;;e
;;g;;;;;;;t;;;;p;;;;;;;;;e
;;;;;;;;p;t;;;;p;;;;;;;;;e
;;;;;;;;;t;;;;;;;;;;;y;;e
;;e;;;;;;w;t;;;;;;;;;;;;;e
;;;;;;w;;;t;;;;;;;;;;;;;e
;;;;;;;;;t;e;;;;;;;;;;;;e
;;;;;;;;n;t;;;;;;;;;;;;;e
;;;;;;;;u;t;;;;;;;;;;;;;e
;;;;;;;;k;t;;;;;;;;;;;;;e
x;y;;;;;;;;;b;;;w;;;;;;;;;e
;y;;;;;;;;;b;;;w;;;;;;;;d;e
;y;;;;;;;p;;b;;;w;;;;;;;;;e
f;;;;;;;;;;b;;;w;;;;;;;;d;e
f;f;;;;;;;;;b;;;w;;;;;;;;;e
;;;;;;;;;;b;;;w;p;;;;;;;;e
x;;;;;;;;g;;;;;w;;;;;;;;g;e
;;;;;;;;;e;;;k;w;;;;;;;;;e
;;g;;;;;;;e;;;;w;;;;;;;;g;e
;;;;;;;;;e;;;;w;;;;;;;;p;e
;y;;;;;;;p;;;;;w;;;;;;;;d;e
;y;g;;;;;;;;;;;w;;;;;;;;;e
f;;g;;;;;;;;;;;w;;;;;;;;d;e
f;;;;;;;;p;;;;;w;;;;;;;;d;e
f;f;g;;;;;;;;;;;w;;;;;;;;;e
f;f;;;;;;;p;;;;;w;;;;;;;;;e
;;;;;;w;;;;;;;w;;;;;e;;;;e
;;;;;;;;;;;;;w;;;;;e;;c;;e
;;;;;;;;;;;k;;w;;;;;;;;g;e
;;g;;;;;;;;;k;;w;;;;;;;;;e
;f;;;;;;;;;;;k;w;;;;;;;;;e
;f;;;;;;;;;;;;w;;;;;;;;g;e
;f;;;;;;;;;;;;w;p;;;;;;;;e
;f;;;;;;;h;;;;;w;;;;;;;;;e
;;;;;;;;;;;;k;w;;;;;;;;g;e
;;g;;;;;;;;;;k;w;;;;;;;;;e
;;y;;;;;;;;;;;w;;;;;;;;g;e
;;g;;;;;;;;;;;w;p;;;;;;;;e
;;;;;;;;;;;;;w;;;;;;;y;;e
;;e;;;;;;w;;;;;w;;;;;;;;;e
;;y;;;;;;g;;;;;w;;;;;;;;;e
;;;;;;;;;;c;;;w;;;;;;;;;e
;;;;n;;;n;;;;;;;w;;;;;;v;;e
x;y;;;;;;;;;b;;;;w;;;;;;;;e
;y;;;;;;;;;b;;;;w;;;;;;;d;e
;y;;;;;;;p;;b;;;;w;;;;;;;;e
f;;;;;;;;;;b;;;;w;;;;;;;d;e
;;;;;;;;;;b;;;p;w;;;;;;;;e
x;;;;n;;;;;;;;;;w;;;;;;;;e
x;;;;;;;;;e;;;;;w;;;;;w;;;e
x;;;;;;;;w;;;;;;w;;;;;w;;;e
x;;;;;;;;g;;;;;;w;;;;;;;g;e
;;;;n;;;;;;;;;;w;;;;;;;d;e
;;;;n;;;;;;;;;;w;;;;e;;;;e
;;;;n;;;;;;?;;;;w;;;;;;;;e
;;;;n;;;;;;;k;;;w;;;;;;;;e
;f;;;n;;;;;;;;;;w;;;;;;;;e
;;n;;n;;;;;;;;;;w;;;;;;;;e
;;;;;;;;;e;;;;;w;;;;e;;;;e
;;;;;;;;;e;?;;;;w;;;;;;;;e
;;;;;;;;;e;;k;;;w;;;;;;;;e
;;;;;;;;;e;;;k;;w;;;;;;;;e
;;g;;;;;;;e;;;;;w;;;;;;;g;e
;;;;;;;;;e;;;;;w;;;;;;;p;e
;y;;;;;;;p;;;;;;w;;;;;;;d;e
;y;g;;;;;;;;;;;;w;;;;;;;;e
f;;g;;;;;;;;;;;;w;;;;;;;d;e
f;;;;;;;;p;;;;;;w;;;;;;;d;e
f;f;;;;;;;;;;;;;w;;;;;;;;e
;;;;;;;;w;;;;;;w;;;;;;;d;e
;f;;;;;;;;;;;;;w;;;;e;;;;e
;;;;;;w;;;;;;;;w;;;;e;;;;e
;;;;;;;;;;;;;;w;;;;e;;c;;e
;f;;;;;;;;;?;;;;w;;;;;;;;e
;;;;;;;;w;;?;;;;w;;;;;;;;e
b;;;;;;;;;;?;;;;w;;;;;;;;e
;f;;;;;;;;;;;;;w;;;;;w;;;e
;f;;;;;;;;;;k;;;w;;;;;;;;e
;;;;;;;;;;;k;;;w;;;;;;;g;e
;;g;;;;;;;;;k;;;w;;;;;;;;e
;f;;;;;;;;;;;k;;w;;;;;;;;e
;f;n;;;;;;;;;;;;w;;;;;;;;e
;f;;;;;;;;;;;;;w;;;;;;;g;e
;f;;;;;;;;;;;;p;w;;;;;;;;e
;f;;;;;;;w;;;;;;w;;;;;;;;e
;f;;;;;;;h;;;;;;w;;;;;;;;e
;;;;;;;;;;;;k;;w;;;;;;;g;e
;;g;;;;;;;;;;k;;w;;;;;;;;e
;;g;;;;;;;;;;;p;w;;;;;;;;e
;;;;;;;;;;;;;;w;;;;;;y;;e
;;e;;;;;;w;;;;;;w;;;;;;;;e
;;y;;;;;;;;;;;;w;;;;;;;;e
;;;;;;;;;;c;;;;w;;;;;;;;e
;;;;;;;;;;;;y;;w;;;;;;;;e
;;;;;;;;;;;;;;;;;;p;;v;l;e
;;;t;;;;n;;;b;;;;;;;;;;v;;e
f;;;;;;;n;;;b;;;;;;;;;;v;;e
;;;;;;;n;w;;b;;;;;;;;;;v;;e
;;;;;;;;;;b;;;;;;;;;w;v;;e
;;;;n;;;;;;;;;;;;;;;;v;l;e
;;;;;;;;;e;;;;;;;;;;;v;l;e
;;;t;;;w;;;;;;;;;;;;;;v;;e
f;;;;;;w;;;;;;;;;;;;;;v;;e
;;e;;;;;;w;;;;;;;;;;;;v;;e
;;;;;;w;;w;;;;;;;;;;;;v;;e
;;;;;a;;;;;;;;;;;;;;;v;;e
x;y;;;;;;;;;b;;;;;;;;p;;;;e
;y;;;;;;;p;;b;;;;;;;;p;;;;e
x;;;;n;;;;;;;;;;;;;;p;;;;e
x;;;;;;;;;;;;;;;;;;p;w;;;e
x;;;;;;;;g;;;;;;;;;;p;;;g;e
;;;;n;;;;;;;;;;;;;;p;;;d;e
;f;;;n;;;;;;;;;;;;;;p;;;;e
;;n;;n;;;;;;;;;;;;;;p;;;;e
;;g;;;;;;;e;;;;;;;;;p;;;g;e
;y;;;;;;;;;;;;;;;;;p;;;d;e
;y;g;;;;;;;;;;;;;;;;p;;;;e
f;;;;;;;;;;;;;;;;;;p;;;d;e
f;f;;;;;;;;;;;;;;;;;p;;;;e
;;n;;;;;;;;;;;;;;;;p;;;d;e
;;;;;;;;w;;;;;;;;;;p;;;d;e
;s;;;;;;;;;;;;;;;;;p;w;;;e
;s;;;;;;;;;;;;;;;;;p;;;l;e
k;s;;;;;;;;;;;;;;;;;p;;;;e
;;;;;;;;;;?;;;;;;;;p;;;;e
;f;;;;;;;;;;;;;;;;;p;w;;;e
;;;;;;;;;;;k;;;;;;;p;;;;e
;f;n;;;;;;;;;;;;;;;;p;;;;e
;f;;;;;;;;;;;;;;;;;p;;;g;e
;f;;;;;;;w;;;;;;;;;;p;;;;e
;;;;;;;;;;;;k;;;;;;p;;;;e
;;n;;;;;;;;;;;;;;;;p;;;l;e
k;;n;;;;;;;;;;;;;;;;p;;;;e
b;;n;;;;;;;;;;;;;;;;p;;;;e
;;n;;;;;;;;;;;;;;;;p;;c;;e
;;;;;;;;;;;;;;p;;;;p;;;;e
;;;;;;;;;;;;;p;;;;;p;;;;e
;;;;;;;;;;;;;;;;;;p;;y;;e
;;e;;;;;;;;;;;;;;;;p;;;;e
;;;;;;;;;;;;;;;;;;p;;;p;e
;;y;;;;;;;;;;;;;;;;p;;;;e
;;;;;;;;;;c;;;;;;;;p;;;;e
;;;;;;;;;;;;y;;;;;;p;;;;e
;;;;;a;;;;;;;;;;;;;p;;;;e
;;;;;;;;y;;;;;;;;;;p;;;;e
x;;;;n;;;;;;b;;;;;;;;;;;;e
x;y;;t;;;;;;;b;;;;;;;;;;;;e
x;y;;;;;;;w;;b;;;;;;;;;;;;e
;;;;n;;;;;;b;;;;;;;;;;;d;e
;f;;;n;;;;;;b;;;;;;;;;;;;e
;;;;n;;;;;;b;;;;n;;;;;;;;e
;y;;t;;;;;p;;b;;;;;;;;;;;;e
;;;t;;;;;;;b;;;;;;;;;n;;;e
;;;t;;;;;;;b;;;;;;;;;k;;;e
;;;t;;;;;n;;b;;;;;;;;;;;;e
;y;;;;;;;;;b;;;;;;;;;n;;;e
;y;;;;;;;;;b;;;;;;;;;k;;;e
;y;;;;;;;n;;b;;;;;;;;;;;;e
f;;;;;;;;;;b;;;;;;;;;n;;;e
f;;;;;;;;;;b;;;;;;;;;k;;;e
f;;;;;;;;n;;b;;;;;;;;;;;;e
;;;;;;;;w;;b;;;;;;;;;;;d;e
;;;;;;;;;;b;;;;n;;;;;w;;;e
;f;;;;;;;w;;b;;;;;;;;;;;;e
;;n;;;;;;;;b;;;;;;;;;;;;e
;;;;;;;;w;;b;;;;;;;;;n;;;e
;;;;;;;;w;;b;;;;;;;;;k;;;e
;;e;;;;;;;;b;;;;;;;;;;;;e
;;;;;;;;w;;b;;;;n;;;;;;;;e
x;;;t;n;;;;;;;;;;;;;;;;;;e
x;s;;;n;;;;;;;;;;;;;;;;;;e
x;;;;n;;;;;;;;;;;;;;;;;g;e
x;;;;n;;w;;;;;;;;;;;;;;;;e
x;;w;;n;;;;;;;;;;;;;;;;;;e
x;;;;n;;;;;;;;;;;;;;;;;l;e
x;;;;n;;;;;;;;;;;;;;;;c;;e
x;;;;;;;;;e;;;;;;;;;;;;l;e
x;;;t;;;;;;;;;;;;;;;;;c;;e
x;;;t;;;;;;;;;;;;;;;;w;;;e
x;;;t;;;;;g;;;;;;;;;;;;;;e
x;;;;;;w;;;;;;;;;;;;e;;;;e
x;;;;;;;;;;;;;;;;;;e;;c;;e
x;;;;;;w;;;;;;;;;;;;;w;;;e
x;;;;;;w;;w;;;;;;;;;;;;;;e
x;;y;;;;;;;;c;;;;;;;;;;;;e
x;;;;;;;;;;;;;;;;;t;;;;;e
x;;;;;;;;;;;;;;;;;;;;;m;e
;;n;t;n;;;;;;;;;;;;;;;;;;e
;s;;;n;;;;;;;;;;;;;;e;;;;e
;s;;;n;;;;;;?;;;;;;;;;;;;e
;s;;;n;;;;;;;;;;;;;;;w;;;e
;s;;;n;;;;;;;k;;;;;;;;;;;e
;s;n;;n;;;;;;;;;;;;;;;;;;e
;s;;;n;;w;;;;;;;;;;;;;;;;e
;s;;;n;;;;;;;;;;;;;;;;;l;e
k;s;;;n;;;;;;;;;;;;;;;;;;e
;;;;n;;;;;;?;;;;;;;;;;;l;e
;;;;n;;;;;;;k;;;;;;;;;;g;e
;f;;;n;;;;;;;;;;;;;;;;;g;e
;f;;;n;;w;;;;;;;;;;;;;;;;e
;f;w;;n;;;;;;;;;;;;;;;;;;e
;f;;;n;;;;g;;;;;;;;;;;;;;e
;;;;n;;;;;;;;k;;;;;;;;;;e
;;n;;n;;;;;;;;;;;;;;;;;g;e
;;n;;n;;;;;;;;;;;;;;;;;l;e
;;n;;n;;;;;;;;;;;;;;;;c;;e
;;n;;n;;;;y;;;;;;;;;;;;;;e
;;;;n;;;;;;;;;;;;;;;n;;;e
;;;;n;;;;;;;;;;;;;;;k;;;e
;;;;n;;;;;;;;;;p;;;;;;;;e
;;;;n;;;;;;;;;p;;;;;;;;;e
;;g;;n;;;;;;;;;;;;;;;;;;e
;;;;n;;;;;;;;;;;;;;;;y;;e
;;e;;n;;;;;;;;;;;;;;;;;;e
;;;;n;;;;p;;;;;;;;;;;;;;e
;;;;n;;w;;g;;;;;;;;;;;;;;e
;;;;n;;;;;;;;;;;;;;;;s;;e
;;;;n;;;;;;e;;;;;;;;;;;;e
;;;;n;;;;n;;;;;;;;;;;;;;e
;;;;n;;;;h;;;;;;;;;;;;;;e
;;;;n;;;;;;;;f;;;;;;;;;;e
;;;;n;;;;;;;f;;;;;;;;;;;e
;;;;n;;;;u;;;;;;;;;;;;;;e
;;;;n;;;;k;;;;;;;;;;;;;;e
;;;;n;;;;;;;;;;;;;;;;;u;e
;;;;n;a;;;;;;;;;;;;;;;;;e
;s;;;;;;;;e;;;;;;;;;e;;;;e
;s;;;;;;;;e;?;;;;;;;;;;;;e
;s;;;;;;;;e;;;;;;;;;;w;;;e
;s;;;;;;;;e;;k;;;;;;;;;;;e
;s;;;;;;;;e;;;k;;;;;;;;;;e
;s;g;;;;;;;e;;;;;;;;;;;;g;e
;s;;;;;;;;e;;;;;;;;;;;;l;e
k;s;;;;;;;;e;;;;;;;;;;;;;e
;;;;;;;;;e;?;;k;;;;;;;;;;e
;;;;;;;;;e;?;;;;;;;;;;;l;e
;;;;;;;;;e;;;k;;;;;;;w;;;e
;;n;;;;;;;e;;;;;;;;;;;;p;e
;;n;;;;;;;e;;;;;;;;;;;;l;e
;;g;;;;;;;e;;;;;;;;;;;s;g;e
;;g;;;;;;w;e;;;;;;;;;;;;;e
;;;;;;;;;e;;;f;;;;;;;;;;e
;y;g;t;;;;;;;;;;;;;;;;;;;e
;;;t;;;;;;;;;;;;;;;;;;d;e
;;;t;;;;;;;;;;;;;;;e;;;;e
;;;t;;;;;;;?;;;;;;;;;;;;e
;s;;t;;;;;;;;;;;;;;;;w;;;e
;;n;t;;;;;;;;;;;;;;;;w;;;e
;f;;t;;;;;;;;;;;;;;;;;;;e
;;g;t;;;;;;;;;;;;;;;;n;;;e
;;;t;;;;;g;;;;;;;;;;;n;;;e
;;g;t;;;;;;;;;;;;;;;;k;;;e
;;;t;;;;;g;;;;;;;;;;;k;;;e
;;;t;;;;;;;;;;;p;;;;;;;;e
;;;t;;;;;;;;;;p;;;;;;;;;e
;;g;t;;;;;n;;;;;;;;;;;;;;e
;;;t;;;;;;;;;;;;;;;;;y;;e
;;e;t;;;;;;;;;;;;;;;;;;;e
;;;t;;;;;g;;;;;;;;;;;;s;;e
;;;t;;;;;;;;;;;;;;;;;;p;e
;;y;t;;;;;;;;;;;;;;;;;;;e
;;;t;;;;;;;c;;;;;;;;;;;;e
;;;t;;;;;u;;;;;;;;;;;;;;e
;;;t;;;;;;;;;y;;;;;;;;;;e
;y;;;;;;;;;;;;;;;;;;n;;d;e
;y;;;;;;;;;;;;;;;;;;k;;d;e
;y;;;;;;;n;;;;;;;;;;;;;d;e
;y;g;;;;;;;;;;;;;;;;;n;;;e
;y;g;;;;;;;;;;;;;;;;;k;;;e
;y;g;;;;;;w;;;;;;;;;;;;;;e
;y;g;;;;;;n;;;;;;;;;;;;;;e
;y;;;;;;;;;;;f;;;;;;;;;;e
;y;;;;;;;u;;;;;;;;;;;;;;e
f;;;;;;;;;;;;;;;;;;;n;;d;e
f;;;;;;;;;;;;;;;;;;;k;;d;e
f;;;;;;;;n;;;;;;;;;;;;;d;e
f;s;;;;;w;;;;;;;;;;;;;;;;e
f;f;;;;;;;;;;;;;;;;;;n;;;e
f;f;;;;;;;;;;;;;;;;;;k;;;e
f;f;;;;;w;;;;;;;;;;;;;;;;e
f;f;;;;;;;;;;;;;;;;;;;s;;e
f;f;;;;;;;n;;;;;;;;;;;;;;e
f;f;w;;;;;;;;;;;;;;;;;;;;e
f;;g;;;;;;;;;;;;;;;;;n;;;e
f;;;;;;w;;;;;;;;;;;;;n;;;e
f;;g;;;;;;;;;;;;;;;;;k;;;e
f;;;;;;w;;;;;;;;;;;;;k;;;e
f;;g;;;;w;;;;;;;;;;;;;;;;e
f;;g;;;;;;n;;;;;;;;;;;;;;e
f;;;;;;w;;p;;;;;;;;;;;;;;e
f;;;;;;w;;;;;;;;;;;;;;s;;e
f;;;;;;w;;n;;;;;;;;;;;;;;e
f;;;;;;;;u;;;;;;;;;;;;;;e
;;n;;;;;;;;;;;;;;;;;n;;d;e
;;n;;;;;;;;;;;;;;;;;k;;d;e
;;n;;;;;;p;;;;;;;;;;;;;d;e
;;n;;;;;;n;;;;;;;;;;;;;d;e
;;;;;;;;w;;;;;;;;;;;n;;d;e
;;;;;;;;w;;;;;;;;;;;k;;d;e
;;g;;;;;;w;;;;;;;;;;;;;d;e
;s;;;;;w;;;;;;;;;;;;e;;;;e
;f;;;;;w;;;;;;;;;;;;e;;;;e
;;;;;;;;;;;;;;;;;;e;;;g;e
;;;;;;;;;;e;;;;;;;;e;;;;e
;;;;;;;;;;;;;;;;;;e;n;;;e
;;;;;;;;;;;;;;;;;;e;k;;;e
;;g;;;;;;;;;;;;;;;;e;;;;e
;;;;;;;;p;;;;;;;;;;e;;;;e
;;;;;;;;;;;;;;;;;;e;;s;;e
;;;;;;;;n;;;;;;;;;;e;;;;e
;;w;;;;;;;;;;;;;;;;e;;;;e
;;;;;;;;h;;;;;;;;;;e;;;;e
;;;;;;;;;;;;f;;;;;;e;;;;e
;;;;;;;;;;;;;;;;;t;e;;;;e
;;;;;;;;;;;f;;;;;;;e;;;;e
;;;;;;;;k;;;;;;;;;;e;;;;e
;s;;;;;;;w;;?;;;;;;;;;;;;e
b;s;;;;;;;;;?;;;;;;;;;;;;e
;s;;;;;w;;;;;;;;;;;;;w;;;e
;s;;;;;;;w;;;;;;;;;;;w;;;e
;s;w;;;;;;;;;;;;;;;;;w;;;e
b;s;;;;;;;;;;;;;;;;;;w;;;e
;s;;;;;;;;;;k;;;;;;;;;;g;e
;s;;;;;;;;;;;k;;;;;;;;;g;e
b;s;n;;;;;;;;;;;;;;;;;;;;e
;s;;;;;w;;w;;;;;;;;;;;;;;e
;s;y;;;;;;;;;;;;;;;;;;;;e
;s;;;;;;;;;c;;;;;;;;;;;;e
;s;;;;;;;;;;;;;;;;;;;c;;e
;s;;;;a;;;;;;;;;;;;;;;;;e
;s;;;;;;;y;;;;;;;;;;;;;;e
;;;;;;;n;;;;;;;;;;;;;y;;e
;;;;;;;n;;;;;f;;;;;;;;;;e
;f;;;;;;;;;?;;k;;;;;;;;;;e
;;;;;;;;;;?;;;;;;;;;;;g;e
;;;;;;w;;;;?;;;;;;;;;;;;e
;;g;;;;;;;;?;;;;;;;;;;;;e
;;;;;;;;p;;?;;;;;;;;;;;;e
;;;;;;;;;;?;;;;;;;;;;s;;e
;;;;;;;;n;;?;;;;;;;;;;;;e
;;w;;;;;;;;?;;;;;;;;;;;;e
;;;;;;;;g;;?;;;;;;;;;;;;e
;;;;;;;;;;?;;;;;;;t;;;;;e
;;;;;;;;;;?;;;;;;;;;;c;;e
;;;;;a;;;;;?;;;;;;;;;;;;e
;;;;;;;;y;;?;;;;;;;;;;;;e
;f;;;;;;;;;;;k;;;;;;;w;;;e
;f;;;;;w;;;;;;;;;;;;;w;;;e
;f;w;;;;;;;;;;;;;;;;;w;;;e
;;;;;;;;;;;;;;;;;;;w;;g;e
;;g;;;;;;;;;;;;;;;;;w;;;e
;;;;;;;;p;;;;;;;;;;;w;;;e
;;;;;;;;;;;;;;;;;;;w;s;;e
;;;;;;;;g;;;;;;;;;;;w;;;e
;;;;;;;;;;;;;;;;;t;;w;;;e
;;p;;;;;;;;;;;;;;;;;w;;;e
;;;;;;w;;;;;k;;;;;;;;;;;e
;;;;;;;;;;;k;;;;;;t;;;;;e
;;;;;;;;;;;k;;;;;;;;;s;;e
;;w;;;;;;;;;k;;;;;;;;;;;e
;f;n;;;;;;;;;;;;;;;;;;;g;e
;f;n;;;;;;;;;;;;;;;;;n;;;e
;f;n;;;;;;;;;;;;;;;;;k;;;e
;f;n;;;;;;;;;;;;p;;;;;;;;e
;f;n;;;;;;;;;;;p;;;;;;;;;e
;f;n;;;;;;p;;;;;;;;;;;;;;e
;f;n;;;;;;;;;;;;;;;;;;s;;e
;f;n;;;;;;n;;;;;;;;;;;;;;e
;f;;;;;;;;;;;;;;;;;;n;;g;e
;f;;;;;;;;;;;;;;;;;;k;;g;e
;f;;;;;;;;;;;;;;;;;;;s;g;e
;f;;;;;;;n;;;;;;;;;;;;;g;e
;f;w;;;;;;;;;;;;;;;;;;;g;e
;f;;;;;;;w;;;;;;;;;;;n;;;e
;f;;;;;;;w;;;;;;;;;;;k;;;e
;f;g;;;;;;w;;;;;;;;;;;;;;e
;f;e;;;;;;;;;;;;;;;;;;;;e
;f;;;;;w;;w;;;;;;;;;;;;;;e
k;f;;;;;w;;;;;;;;;;;;;;;;e
;f;;;;;;;;;e;;;;;;;;;;;;e
;f;;;;;;;;;;;f;;;;;;;;;;e
;f;;;;;;;;;;;;;;;;t;;;;;e
;f;;;;;;;;;;f;;;;;;;;;;;e
;f;;;;;;;k;;;;;;;;;;;;;;e
;f;;;;;;;;;;;;;;;;;;;;u;e
;;;;;;w;;;;;;k;;;;;;;;;;e
;;;;;;;;;;;;k;;;;;t;;;;;e
;;;;;;;;;;;;k;;;;;;;;s;;e
;;w;;;;;;;;;;k;;;;;;;;;;e
;;n;;;;;;;;;;;;;;;;;;y;;e
;;n;;;;w;;;;;;;;;;;;;;;;e
;;n;;;;;;;;;;;;;;;;;;c;l;e
;;n;;;;;;y;;;;;;;;;;;;;l;e
;;n;;;;;;h;;;;;;;;;;;;;;e
;;n;;;;;;;;;;f;;;;;;;;;;e
;;n;;;;;;;;;;;;;;;t;;;;;e
;;n;;;;;;;;;f;;;;;;;;;;;e
;;n;;;;;;u;;;;;;;;;;;;;;e
;;g;;;;;;;;;;;;;;;;;n;;g;e
;;g;;;;;;;;;;;;;;;;;k;;g;e
;;g;;;;;;n;;;;;;;;;;;;;g;e
;;;;;;w;;;;;;;;;;;;;;;g;e
;;;;;;;;g;;;;;;;;;;;;s;g;e
b;;y;;;;;;;;;;;;;;;;;;;g;e
k;;;;;;;;;;;;;;;;;;;;;g;e
;;;;;;;;;;c;;;;;;;;;;;g;e
;;;;;;;;;;;;y;;;;;;;;;g;e
;;;;;;;;;;;;;;p;;;;;n;;;e
;;;;;;;;;;;;;p;;;;;;n;;;e
;;g;;;;;;w;;;;;;;;;;;n;;;e
;;;;;;;;;;;;;;;;;;;n;y;;e
;;e;;;;;;;;;;;;;;;;;n;;;e
;;y;;;;;;;;;;;;;;;;;n;;;e
;;;;;;;;h;;;;;;;;;;;n;;;e
;;;;;;;;;;;;f;;;;;;;n;;;e
;;;;;;;;;;c;;;;;;;;;n;;;e
;;;;;;;;;;;f;;;;;;;;n;;;e
b;;;;;;;;;;;;;;;;;;;n;;;e
;;;;;;;;;;;;;;;;;;;n;;m;e
;;;;;;;;;;;;y;;;;;;;n;;;e
;;;;;;;;;;;;;;p;;;;;k;;;e
;;;;;;;;;;;;;p;;;;;;k;;;e
;;g;;;;;;w;;;;;;;;;;;k;;;e
;;;;;;;;;;;;;;;;;;;k;y;;e
;;e;;;;;;;;;;;;;;;;;k;;;e
;;y;;;;;;;;;;;;;;;;;k;;;e
;;;;;;;;h;;;;;;;;;;;k;;;e
;;;;;;;;;;;;f;;;;;;;k;;;e
;;;;;;;;;;c;;;;;;;;;k;;;e
;;;;;;;;;;;f;;;;;;;;k;;;e
b;;;;;;;;;;;;;;;;;;;k;;;e
;;;;;;;;;;;;;;;;;;;k;;m;e
;;;;;;;;;;;;y;;;;;;;k;;;e
;;;;;;;;w;;;;;;p;;;;;;;;e
;;;;;;;;n;;;;;;p;;;;;;;;e
;;;;;;;;u;;;;;;p;;;;;;;;e
;;;;;;;;w;;;;;p;;;;;;;;;e
;;;;;;;;n;;;;;p;;;;;;;;;e
;;;;;;;;u;;;;;p;;;;;;;;;e
;;g;;;;;;;;e;;;;;;;;;;;;e
;;g;;;;;;;;;;;;;;;t;;;;;e
;;g;;;;;;k;;;;;;;;;;;;;;e
;;e;;;;;;;;;;;;;;;;;;y;;e
;;;;;;;;w;;;;;;;;;;;;y;;e
;;;;;;;;n;;;;;;;;;;;;y;;e
;;;;;;;;u;;;;;;;;;;;;y;;e
;;;;;;;;;;;;y;;;;;;;;y;;e
;;e;;;;;;p;;;;;;;;;;;;;;e
;;e;;;;;;n;;;;;;;;;;;;;;e
;;e;;;;;;u;;;;;;;;;;;;;;e
;;;;;;;;p;;;;;;;;;t;;;;;e
;;;;;;;;p;;;;y;;;;;;;;;;e
;;;;;;w;;;;e;;;;;;;;;;;;e
;;;;;;w;;h;;;;;;;;;;;;;;e
;;;;;;w;;;;;;f;;;;;;;;;;e
;;;;;;w;;;;;;;;;;;t;;;;;e
;;;;;;w;;;;;f;;;;;;;;;;;e
;;;;;;w;;k;;;;;;;;;;;;;;e
;;y;;;;;;;;;;;;;;;;;;s;;e
;;;;;;;;;;;;;;;;;t;;;s;;e
;;;;;;;;;;c;;;;;;;;;;s;;e
b;;;;;;;;;;;;;;;;;;;;s;;e
;;;;;;;;;;;;;;;;;;;;s;m;e
;;;;;;;;;;;;y;;;;;;;;s;;e
;;;;;;;;w;;;;;;;;;;;;;p;e
;;;;;;;;;;;;y;;;;;;;;;p;e
;;;;;;;;h;;e;;;;;;;;;;;;e
;;;;;;;;;;e;;f;;;;;;;;;;e
;;;;;;;;;;e;f;;;;;;;;;;;e
;;y;;;;;;n;;;;;;;;;;;;;;e
;;y;;;;;;k;;;;;;;;;;;;;;e
;;y;;;;;;;;;;;;;;;;;;;m;e
;;;;;;;;n;;;;;;;;;;;;;l;e
;;;;;a;;;n;;;;;;;;;;;;;;e
;;;;;;;;n;;;;f;;;;;;;;;;e
;;;;;;;;n;;c;;;;;;;;;;;;e
;;;;;;;;n;;;f;;;;;;;;;;;e
b;;;;;;;;n;;;;;;;;;;;;;;e
;;;;;;;;n;;;;;;;;;;;;;m;e
;;;;;;;;n;;;;y;;;;;;;;;;e
;;w;;;;;;;;c;;;;;;;;;;;;e
;;;;;a;;;;;;;;;;;;;;;;l;e
k;;;;;;;;;;;;;;;;;t;;;;;e
;;;;;;;;g;;c;;;;;;;;;;;;e
;;;;;;;;k;;;;f;;;;;;;;;;e
;;;;;;;;;;;;;;;;;t;;;c;;e
;;;;;;;;;;;;;g;;;;;;;;;e
;;;;;;;;;;;;;;g;;;;;;;;e
;;;;;;;;k;;c;;;;;;;;;;;;e
;;;;;;;;;;c;;;;;;;;;;;m;e
;;;;;;;;k;;;f;;;;;;;;;;;e
b;;;;;;;;k;;;;;;;;;;;;;;e
;;;;;;;;k;;;;;;;;;;;;;m;e
;;;;a;;;;;;;;;;;;;;;;;;e
;;;;;;;;;;;;;;;;;;;;n;;e
;;;;l;;;;;;;;;;;;;;;;;;e
;;;;;;;;;;;;;;;;;;;;a;;e
;;;;;;;;;;r;;;;;;;;;;;;e
;;;;;;;;;;;;;;;;;;;;;w;e
;;;;;;;;;;;;;o;;;;;;;;;e
;;;;;;;;;;;;;;o;;;;;;;;e
;;;;;;;;e;;;;;;;;;;;;;;e
;;;;;;;;;;;;;e;;;;;;;;;e
;;;;;;;;;;;;;;e;;;;;;;;e
;;;;;;;;;;;;;;;;n;;;;;;e
;;;;;;;;;;;;;;;;o;;;;;;e
;;;;;;;;o;;;;;;;;;;;;;;e
;;;f;;;c;b;;;;;;;;;w;o;;;;;p
;s;;f;;;c;;;;;;;;;;w;o;;;;;p
;s;;;;;c;;;;;;;;;;w;o;;;v;;p
f;s;;;;;c;;;;;;;;;;w;o;;;;;p
;s;n;;;;c;;;;;;;;;;w;o;;;;;p
k;;;;;;c;;;;;;;;;;w;o;;;;;p
;;;f;;;;b;;e;;;;;;;w;o;;;;;p
;;;;;;;b;;e;;;;;;;w;o;;;v;;p
;s;;;;;;b;;;;;;;;;w;o;;;v;;p
f;s;;;;;;b;;;;;;;;;w;o;p;;;;p
;;;;;;;;;;?;;s;;;;w;o;;;;;p
;s;;f;;;;;;;;;;;;;w;o;p;;;;p
;s;;f;;;;;;e;;;;;;;w;o;;;;;p
;s;;;;;;;;e;;;;;;;w;o;;;v;;p
;s;n;;;;;;;;;;;;;;w;o;;;v;;p
;s;n;;;;;;;;;;;;;;w;o;p;;;;p
f;s;;;;;;;;e;;;;;;;w;o;;;;;p
;s;n;;;;;;;e;;;;;;;w;o;;;;;p
;s;;;;;;;;;?;;;;;;w;o;;;;;p
k;s;;;;;;;;;;;;;;;w;o;;;;;p
;;n;;;;;;;;?;;;;;;w;o;;;;;p
k;;;;;;;;;;?;;;;;;w;o;;;;;p
;s;;f;;;c;;;;;s;;;;;w;;;;;;p
k;;;f;;;c;;;;;s;;;;;w;;;;;;p
;;;f;;;c;;;;?;;s;;;;w;;;;;;p
;s;;f;;;c;;;;;;s;;;;w;;;;;;p
k;;;f;;;c;;;;;;s;;;;w;;;;;;p
;s;;f;;;c;;;;?;;;;;;w;;;;;;p
k;;;f;;;c;;;;?;;;;;;w;;;;;;p
k;;;;;;c;;;;;;;;;;w;;;;v;;p
;;;;;;c;;;;;;;;;;w;;;;;l;p
;;;f;;;;b;;;;;;;;;w;;;;v;;p
k;s;n;f;;;;;;;;s;;;;;w;;;;;;p
f;;;f;;;;;;;?;;s;;;;w;;;;;;p
k;s;n;f;;;;;;;;;s;;;;w;;;;;;p
;;;;;;;;;;?;;s;;;;w;;;;v;;p
;s;;f;;;;;;;;;;;;;w;;;;v;;p
f;s;;f;;;;;;;?;;;;;;w;;;;;;p
;;n;f;;;;;;;?;;;;;;w;;;;;;p
;s;;;;;;;;e;;;;;;;w;;;n;v;;p
;s;;;;;;;;;?;;;;;;w;;;;v;;p
k;s;;;;;;;;;;;;;;;w;;;;v;;p
;;n;;;;;;;;?;;;;;;w;;;;v;;p
k;;;;;;;;;;?;;;;;;w;;;;v;;p
;s;;;;;;;;;;;;;;;w;;;;;l;p
;;;;;;;;;;?;;;;;;w;;;;;l;p
;;;f;;f;c;b;;;;;;;;;;o;;;;;p
;s;;f;;f;c;;;;;;;;;;;o;;;;;p
;s;;;;f;c;;;;;;;;;;;o;;;v;;p
f;s;;;;f;c;;;;;;;;;;;o;;;;;p
;s;n;;;f;c;;;;;;;;;;;o;;;;;p
k;;;;;f;c;;;;;;;;;;;o;;;;;p
;;;f;;f;;b;;e;;;;;;;;o;;;;;p
;;;;;f;;b;;e;;;;;;;;o;;;v;;p
;s;;;;f;;b;;;;;;;;;;o;;;v;;p
f;s;;;;f;;b;;;;;;;;;;o;p;;;;p
;;;;;f;;;;;?;;s;;;;;o;;;;;p
;s;;f;;f;;;;;;;;;;;;o;p;;;;p
;s;;f;;f;;;;e;;;;;;;;o;;;;;p
;s;;;;f;;;;e;;;;;;;;o;;;v;;p
;s;n;;;f;;;;;;;;;;;;o;;;v;;p
;s;n;;;f;;;;;;;;;;;;o;p;;;;p
f;s;;;;f;;;;e;;;;;;;;o;;;;;p
;s;n;;;f;;;;e;;;;;;;;o;;;;;p
;s;;;;f;;;;;?;;;;;;;o;;;;;p
k;s;;;;f;;;;;;;;;;;;o;;;;;p
;;n;;;f;;;;;?;;;;;;;o;;;;;p
k;;;;;f;;;;;?;;;;;;;o;;;;;p
;s;;f;;f;c;;;;;s;;;;;;;;;;;p
k;;;f;;f;c;;;;;s;;;;;;;;;;;p
;s;;f;;f;c;;;;;;s;;;;;;;;;;p
;;;f;;f;c;;;;?;;s;;;;;;;;;;p
k;;;f;;f;c;;;;;;s;;;;;;;;;;p
;s;;f;;f;c;;;;?;;;;;;;;;;;;p
k;;;f;;f;c;;;;?;;;;;;;;;;;;p
k;;;;;f;c;;;;;;;;;;;;;;v;;p
;;;;;f;c;;;;;;;;;;;;;;;l;p
;;;f;;f;;b;;;;;;;;;;;;;v;;p
k;s;n;f;;f;;;;;;s;;;;;;;;;;;p
f;;;f;;f;;;;;?;;s;;;;;;;;;;p
k;s;n;f;;f;;;;;;;s;;;;;;;;;;p
;;;;;f;;;;;?;;s;;;;;;;;v;;p
;s;;f;;f;;;;;;;;;;;;;;;v;;p
f;s;;f;;f;;;;;?;;;;;;;;;;;;p
;;n;f;;f;;;;;?;;;;;;;;;;;;p
;s;;;;f;;;;e;;;;;;;;;;n;v;;p
;s;;;;f;;;;;?;;;;;;;;;;v;;p
k;s;;;;f;;;;;;;;;;;;;;;v;;p
;;n;;;f;;;;;?;;;;;;;;;;v;;p
k;;;;;f;;;;;?;;;;;;;;;;v;;p
;s;;;;f;;;;;;;;;;;;;;;;l;p
;;;;;f;;;;;?;;;;;;;;;;;l;p
;y;;;;;c;;;e;;;s;;;;;o;;;v;;p
f;y;;;;;c;;;e;;;s;;;;;o;;;;;p
;y;n;;;;c;;;e;;;s;;;;;o;;;;;p
;;;f;;;c;;;;b;;;;;;;o;;;;;p
;y;n;f;;;c;;;;;;;;;;;o;;;;;p
;s;;;;;c;;;;;;;w;;;;o;;;v;;p
f;s;;;;;c;;;;;;;w;;;;o;;;;;p
;s;n;;;;c;;;;;;;w;;;;o;;;;;p
k;;;;;;c;;;;;;;w;;;;o;;;;;p
;s;;;;;c;;;;;;;;w;;;o;;;v;;p
f;s;;;;;c;;;;;;;;w;;;o;;;;;p
;s;n;;;;c;;;;;;;;w;;;o;;;;;p
;s;;t;;;c;;;;;;;;;;;o;;;v;;p
;s;;;;;c;;w;;;;;;;;;o;;;v;;p
;;;;;;c;;;e;b;;;;;;;o;;;;;p
;s;;;;;c;;;;b;;;;;;;o;;;;;p
f;s;;t;;;c;;;;;;;;;;;o;;;;;p
k;y;;;;;c;;;;;;;;;;;o;;;;;p
f;s;;;;;c;;w;;;;;;;;;o;;;;;p
;s;;;;;c;;;;;;;;;;;o;;;;d;p
;;;;;;c;;;;;;;;;;;o;e;;;;p
;;;;;;c;;;;;;;;;;;o;;w;;;p
;s;g;;;;c;;;;;;;;;;;o;;;;;p
;;;;;;c;;;;;;;;n;;;o;;;;;p
;;;f;;;;b;;;b;;;;;;;o;;;;;p
;;;f;;;;b;p;e;;;;;;;;o;;;;;p
;y;;f;;;;b;;;;;;;;;;o;;;;;p
;;;f;;;;b;;;;;;;;;;o;;;;d;p
;;;f;;;;b;;;;;;;;;;o;;;y;;p
;;;f;;;;b;g;;;;;;;;;o;;;;;p
;s;;;;;;b;;;;;;w;;;;o;;;v;;p
f;s;;;;;;b;;;;;;w;;;;o;p;;;;p
;s;;;;;;b;;;;;;;w;;;o;;;v;;p
f;s;;;;;;b;;;;;;;w;;;o;p;;;;p
;y;;;;;;b;;e;;;;;;;;o;;;v;;p
;s;;t;;;;b;;;;;;;;;;o;;;v;;p
;s;;;;;;b;p;;;;;;;;;o;p;;;;p
;;;;;;;b;;e;b;;;;;;;o;;;;;p
;s;;;;;;b;;;b;;;;;;;o;;;;;p
;;;;;;;b;;e;;;;;;;;o;;;;d;p
;f;;;;;;b;;e;;;;;;;;o;;;;;p
;;g;;;;;b;;e;;;;;;;;o;;;;;p
f;s;;t;;;;b;;;;;;;;;;o;;;;;p
;f;;;;;;b;g;;;;;;;;;o;;;;;p
;;g;;;;;b;g;;;;;;;;;o;;;;;p
;;;;;;;b;;;;;;;n;;;o;;;;;p
;;w;f;;;;;;e;;;s;;;;;o;;;;;p
;;;;;;;;;;?;;s;w;;;;o;;;;;p
;y;;;;;;;;e;;;s;;w;;;o;;;v;;p
f;y;;;;;;;;e;;;s;;w;;;o;;;;;p
;y;n;;;;;;;e;;;s;;w;;;o;;;;;p
;;;;;;;;;;?;;s;;w;;;o;;;;;p
f;y;;;;;;;;e;;;s;;;;;o;p;;;;p
;y;n;;;;;;;e;;;s;;;;;o;p;;;;p
;;;;;;;;p;;;;s;;;;;o;p;;;g;p
;;;;;;;;p;;;;s;;;;;o;p;;s;;p
f;;;t;;;;;;e;;;s;;;;;o;;;;;p
;;n;t;;;;;;e;;;s;;;;;o;;;;;p
;;;;;;;;p;e;;;s;;;;;o;;;s;;p
;y;;;;;;;;;?;;s;;;;;o;;;;;p
;;;;;;;;;;;;s;;;;;o;;;;p;p
;s;;f;;;;;;;;;;w;;;;o;p;;;;p
;s;;f;;;;;;e;;;;w;;;;o;;;;;p
;s;;f;;;;;;;;;;;w;;;o;p;;;;p
;s;;f;;;;;;e;;;;;w;;;o;;;;;p
;;;f;;;;;;;b;;;;;;;o;p;;;;p
;;;f;;;;;;;;;;;;;;o;p;;;d;p
;;;f;;;w;;;;;;;;;;;o;p;;;;p
;;;f;;;;;;;;;;;;;;o;p;;s;;p
;;w;f;;;;;;;;;;;;;;o;p;;;;p
;;;f;;;;;;;b;;;;;;;o;;;;d;p
;s;;f;;;;;;;b;;;;;;;o;;;;;p
;;;f;;;;;;;b;;;;;;;o;;;y;;p
;;;f;;;;;;e;;;;;;;;o;;;;g;p
;;;f;;;;;;e;;;;;;;;o;;;s;;p
;s;;f;;;;;;;;;;;;;;o;;;;d;p
;;n;f;;;;;;;;;;;;;;o;;;;d;p
;;;f;;;;;g;;;;;;;;;o;;;;g;p
;;;f;;;;;;;;;;;;;;o;;;;p;p
;s;;;;;;;;e;;;;w;;;;o;;;v;;p
;s;n;;;;;;;;;;;w;;;;o;;;v;;p
;s;n;;;;;;;;;;;w;;;;o;p;;;;p
f;s;;;;;;;;e;;;;w;;;;o;;;;;p
;s;n;;;;;;;e;;;;w;;;;o;;;;;p
;s;;;;;;;;;?;;;w;;;;o;;;;;p
k;s;;;;;;;;;;;;w;;;;o;;;;;p
;;n;;;;;;;;?;;;w;;;;o;;;;;p
k;;;;;;;;;;?;;;w;;;;o;;;;;p
;s;;;;;;;;e;;;;;w;;;o;;;v;;p
;s;n;;;;;;;;;;;;w;;;o;;;v;;p
;s;n;;;;;;;;;;;;w;;;o;p;;;;p
;;;;;;;;;e;b;;;;w;;;o;;;;;p
f;s;;;;;;;;e;;;;;w;;;o;;;;;p
;s;n;;;;;;;e;;;;;w;;;o;;;;;p
;;;;;;w;;;e;;;;;w;;;o;;;;;p
;y;;;;;;;;;;;;;w;;;o;e;;;;p
;s;;;;;;;;;?;;;;w;;;o;;;;;p
;;n;;;;;;;;?;;;;w;;;o;;;;;p
;;;;;;;;;;;;;;w;;;o;;w;;;p
k;;;;;;;;;;;;;;w;;;o;;;;;p
;y;;;;;;;;e;;;;;;;;o;p;;v;;p
;;;t;;;;;;e;;;;;;;;o;;;v;;p
;s;g;;;;;;;;;;;;;;;o;;;v;;p
;;;;;;;;;;;;;;;;;o;;;v;p;p
;;;;;;;;;e;b;;;;;;;o;p;;;;p
;;;;;;;;;e;;;;;;;;o;p;;;d;p
;;;;;;w;;;e;;;;;;;;o;p;;;;p
;s;;;;;;;p;;;;;;;;;o;p;;;g;p
;s;g;;;;;;;;;;;;;;;o;p;;;;p
;s;;;;;;;p;;;;;;;;;o;p;;s;;p
;;g;;;;;;;;;;;;;;;o;p;;s;;p
;;;;;;;;;e;b;;;;;;;o;;;;d;p
;s;;;;;;;;e;b;;;;;;;o;;;;;p
;;g;;;;;;;e;b;;;;;;;o;;;;;p
;;;;;;;;;e;b;;;;;;;o;;;y;;p
;s;g;;;;;;;;b;;;;;;;o;;;;;p
;;;;;;;;;;b;;;;;;;o;;;;p;p
f;s;;t;;;;;;e;;;;;;;;o;;;;;p
;y;g;;;;;;;e;;;;;;;;o;;;;;p
;s;;;;;;;;e;;;;;;;;o;;;;d;p
;s;;;;;;;p;e;;;;;;;;o;;;;;p
;f;;;;;;;;e;;;;;;;;o;;;;g;p
;;g;;;;;;;e;;;;;;;;o;;;;g;p
;s;n;t;;;;;;;;;;;;;;o;;;;;p
;s;g;t;;;;;;;;;;;;;;o;;;;;p
;y;n;;;;;;;;?;;;;;;;o;;;;;p
k;y;;;;;;;;;?;;;;;;;o;;;;;p
;;;;;;;;;;;;;;;;;o;;w;;d;p
;s;n;;;;;;;;;;;;;;;o;;;;d;p
k;;;;;;;;;;;;;;;;;o;;;;d;p
;;;;;;;;;;;;;;n;;;o;;;;d;p
k;s;;;;;;;;;;;;;;;;o;e;;;;p
;;;;;;;;;;?;;;;;;;o;e;;;;p
;;e;;;;;;;;;;;;;;;o;e;;;;p
;s;;;;;;;;;;;;;;;;o;;w;;;p
;s;e;;;;;;;;;;;;;;;o;;;;;p
;s;;;;;;;;;;;;;;;;o;;;;p;p
;;;;;;;;;;?;;;;;;;o;;w;;;p
;;e;;;;;;;;?;;;;;;;o;;;;;p
;;e;;;;;;;;;;;;;;;o;;w;;;p
;;;;;;;;;;;;;;;;;o;;w;;p;p
;;;;;;;;;;;k;;;;;;o;;;;;p
;f;;;;;;;g;;;;;;;;;o;;;;g;p
;;;;;;;;;;;;k;;;;;o;;;;;p
;;g;;;;;;g;;;;;;;;;o;;;;g;p
;;g;;;;;;;;;;;;;;;o;;;;p;p
;;;;;;;;;;;;;;n;;;o;;;y;;p
k;;e;;;;;;;;;;;;;;;o;;;;;p
k;;;;;;;;;;;;;;;;;o;;;;p;p
;;;;;;;;;;;;;;n;;;o;;;;p;p
;;;;;;;;;;;;;n;;;;o;;;;;p
;;b;;;;;;;;;;;;;;;o;;;;;p
;;p;;;;;;;;;;;;;;;o;;;;;p
;f;;f;;;c;b;;;;;;;;;;;;;;;p
;;g;f;;;c;b;;;;;;;;;;;;;;;p
;;;f;;;c;b;p;;;;;;;;;;;;;;p
;;;f;;;c;b;g;;;;;;;;;;;;;;p
;f;;;;;c;b;;e;;;;;;;;;;;;;p
;;g;;;;c;b;p;e;;;;;;;;;;;;;p
f;;w;;;;c;b;;;;;;;;;;;;;;;p
;f;;;;;c;b;g;;;;;;;;;;;;;;p
;;g;;;;c;b;g;;;;;;;;;;;;;;p
;;;;;;c;b;h;;;;;;;;;;;;;;p
;;;;;;c;b;;;;;f;;;;;;;;;;p
;;;f;;;c;;;;;s;;;;;;;;w;;;p
;;;f;;;c;;;;b;s;;;;;;;;;;;p
;y;n;f;;;c;;;;;s;;;;;;;;;;;p
k;y;;f;;;c;;;;;s;;;;;;;;;;;p
;s;;;;;c;;;;;s;;;;;;;;;;d;p
;;;f;;;c;;;;;;s;;;;;;;w;;;p
;;;f;;;c;;;;?;;s;w;;;;;;;;;p
;;;f;;;c;;;;?;;s;;w;;;;;;;;p
;;;f;;;c;;;;b;;s;;;;;;;;;;p
;y;;f;;;c;;;;;;s;;;;;;;;;;p
;;w;;;;c;;;;;;s;;;;;;;;v;;p
;y;;;;;c;n;;;;;s;;;;;;;;;;p
f;;;;;;c;;;;;;s;;;;;;;;;g;p
f;;;;;;c;;;;;;s;;;;;;;;s;;p
f;;w;;;;c;;;;;;s;;;;;;;;;;p
;s;;;;;c;;;;;;s;;;;;;;;;d;p
;;;;;;c;n;;;;;s;;;;;;;;;d;p
;;;;;;c;n;w;;;;s;;;;;;;;;;p
;;w;;;;c;n;;;;;s;;;;;;;;;;p
;;n;;;;c;;;;;;s;;;;;;;;;g;p
;;n;;;;c;;;;;;s;;;;;;;;s;;p
;;;;;;c;;p;;;;s;;;;;;;;;g;p
;;;;;;c;;p;;;;s;;;;;;;;s;;p
;;w;;;;c;;p;;;;s;;;;;;;;;;p
;;;f;;;c;;;t;;;;;;;;;;;;;p
;;;f;;;c;;;;b;;;w;;;;;;;;;p
;y;n;f;;;c;;;;;;;w;;;;;;;;;p
;;;f;;;c;;;;;;;w;;;;;;w;;;p
;s;;f;;;c;;;;;;;w;;;;;;;;;p
k;;;f;;;c;;;;;;;w;;;;;;;;;p
;;;f;;;c;;;;;;;;w;;;;;w;;;p
;s;;f;;;c;;;;;;;;w;;;;;;;;p
k;;;f;;;c;;;;;;;;w;;;;;;;;p
;;;f;;;c;;;;b;;;;;;;;;;v;;p
;y;n;f;;;c;;;;;;;;;;;;;;v;;p
;;;f;;;c;;;;;;;;;;;;;w;v;;p
;f;;f;;;c;;;;b;;;;;;;;;;;;p
;;;f;;;c;;;;;;;;;;;;e;;;;p
;;;f;;;c;;;;?;;;;;;;;;w;;;p
;;;f;;;c;;;;;;;;;;;;;;;g;p
;;;;;;c;;;t;;;;;;;;;e;;;;p
;;;;;;c;n;;t;;;;;;;;;;;;;p
;s;;;;;c;;;t;;;;;;;;;;;;;p
;;;;;;c;;;t;;;;;;;;;;;;g;p
;;;;;;c;;;t;;;;;;;;;;;s;;p
;;w;;;;c;;;t;;;;;;;;;;;;;p
;;;;;;c;;h;t;;;;;;;;;;;;;p
;;;;;;c;;;t;;;f;;;;;;;;;;p
k;;;;;;c;;;;;;;w;;;;;;;v;;p
;s;;;;;c;;;;;;;w;;;;;;;;d;p
;;;;;;c;;;;;;;w;;;;;;;;l;p
;s;;;;;c;;;;;;;;w;;;;;;;d;p
;;w;;;;c;;;;;;;;;;;;p;;v;;p
;;w;t;;;c;;;;;;;;;;;;;;v;;p
k;y;;;;;c;;;;;;;;;;;;;;v;;p
;s;;;;;c;;;;;;;;;;;;;;v;d;p
;;;;;;c;;;;;;;;;;;;e;;v;;p
;s;w;;;;c;;;;;;;;;;;;;;v;;p
k;;;;;;c;;;;;;;;;;;;;w;v;;p
;;y;;;;c;;;;;;;;;;;;;;v;;p
;;;;;;c;;;;;;;;n;;;;;;v;;p
f;;w;;;;c;;;;;;;;;;;;p;;;;p
;;;;;;c;n;;;;;;;;;;;p;;;d;p
;;;;;;c;n;w;;;;;;;;;;p;;;;p
;;w;;;;c;n;;;;;;;;;;;p;;;;p
;;w;;;;c;;p;;;;;;;;;;p;;;;p
;f;;;;;c;;;e;b;;;;;;;;;;;;p
;;;;;;c;n;;;b;;;;;;;;;;;;p
;;y;;;;c;;;;b;;;;;;;;;;;;p
;;w;;;;c;;;;b;;;;;;;;;;;;p
;;;;;;c;;;;b;;f;;;;;;;;;;p
f;;w;t;;;c;;;;;;;;;;;;;;;;p
;;;t;;;c;n;;;;;;;;;;;;;;;p
;;w;t;;;c;;p;;;;;;;;;;;;;;p
;y;n;;;;c;n;;;;;;;;;;;;;;;p
;y;;;;;c;;;;;;;;;;;;;;;l;p
f;s;;;;;c;;;;;;;;;;;;;;;g;p
f;s;;;;;c;;;;;;;;;;;;;;s;;p
f;s;w;;;;c;;;;;;;;;;;;;;;;p
f;;w;;;;c;;;;;;;;;;;;;;;g;p
f;;w;;;;c;;;;;;;;;;;;;;s;;p
;f;;;;;c;n;;;;;;;;;;;;;;d;p
;;y;;;;c;;;;;;;;;;;;;;;d;p
;;;;;;c;n;;;;;;;;;;;e;;;;p
;;;;;;c;;;;;;;;;;;;e;;;l;p
;s;;;;;c;n;;;;;;;;;;;;;;;p
;s;;;;;c;;p;;;;;;;;;;;;;;p
;s;;;;;c;;;;e;;;;;;;;;;;;p
;s;;;;;c;;h;;;;;;;;;;;;;;p
;s;;;;;c;;;;;;f;;;;;;;;;;p
;;;;;;c;n;;;;;;;;;;;;w;;;p
;;w;;;;c;n;;;;;;;;;;;;n;;;p
;;;;;;c;n;;;;;;;;;;;;;;l;p
k;;;;;;c;n;;;;;;;;;;;;;;;p
;;;;;;c;;;;;;;;;;;;;w;;l;p
;;;;;;c;;;;;k;;;;;;;;;;;p
;f;;;;;c;;;;;;;;;;;;;;;g;p
;f;y;;;;c;;;;;;;;;;;;;;;;p
;f;;;;;c;;h;;;;;;;;;;;;;;p
;f;;;;;c;;;;;;;;n;;;;;;;;p
;;;;;;c;;;;;;k;;;;;;;;;;p
;;g;;;;c;;;;;;;;;;;;;;;g;p
;;;;;;c;;;;e;;;;;;;;;;;g;p
;;;;;;c;;h;;;;;;;;;;;;;g;p
;;;;;;c;;;;;;f;;;;;;;;;g;p
;;g;;;;c;;;;;;;;;;;;;;s;;p
;;g;;;;c;;h;;;;;;;;;;;;;;p
;;;;;;c;;;;e;;;;;;;;;;s;;p
;;;;;;c;;;;;;f;;;;;;;;s;;p
;;w;;;;c;;;;e;;;;;;;;;;;;p
;;;;;;c;;;;;f;;;;;;;;;;;p
;;;f;;;;b;;;b;;;;;;;;;;v;;p
;y;;f;;;;b;;;;;;;;;;;;;v;;p
;;;f;;;;b;;;;;;;;;;;;;v;d;p
;f;;f;;;;b;;;;;;;;;;;;;v;;p
;;g;f;;;;b;;;;;;;;;;;;;v;;p
;;;f;;;;b;p;;;;;;;;;;;;v;;p
;f;;f;;;;b;;;b;;;;;;;;;;;;p
f;;g;f;;;;b;;e;;;;;;;;;;;;;p
f;;;f;;;;b;p;e;;;;;;;;;;;;;p
;y;;f;;;;b;p;;;;;;;;;;;;;;p
;;;f;;;;b;p;;;;;;;;;;;;;d;p
;f;;f;;;;b;;;;;;;;;;;;;y;;p
;;g;f;;;;b;;;;;;;;;;;;;y;;p
;;;f;;;;b;p;;;;;;;;;;;;y;;p
;s;;;;;;b;;t;;;;;;;;;;;v;;p
;s;;;;;;b;;t;;;;;;;;;p;;;;p
;s;;;;;;b;;t;b;;;;;;;;;;;;p
;s;;t;;;;b;;t;;;;;;;;;;;;;p
;;w;;;;;b;;t;;;;;;;;;p;;;;p
;;w;t;;;;b;;t;;;;;;;;;;;;;p
;s;;;;;;b;w;t;;;;;;;;;;;;;p
;;;;;;;b;;e;;;;;;;;;;;v;d;p
;f;;;;;;b;;e;;;;;;;;;;;v;;p
;;;;;;;b;p;e;;;;;;;;;;;v;;p
;;y;;;;;b;;;;;;;;;;;;;v;;p
;;w;;;;;b;;;;;;;;;;;;;v;;p
;;;;;;;b;g;;;;;;;;;;;;v;;p
;;;;;;;b;h;;;;;;;;;;;;v;;p
;;;;;;;b;;;;;f;;;;;;;;v;;p
;;;;;;;b;;;;f;;;;;;;;;v;;p
;;;;;;;b;;;;;;;n;;;;;;v;;p
f;;w;;;;;b;;;;;;;;;;;p;;;;p
;f;;;;;;b;;e;b;;;;;;;;;;;;p
;s;;;;;;b;p;;b;;;;;;;;;;;;p
;;y;;;;;b;;;b;;;;;;;;;;;;p
;;w;;;;;b;;;b;;;;;;;;;;;;p
;;;;;;;b;;;b;;f;;;;;;;;;;p
;;;;;;;b;;;b;f;;;;;;;;;;;p
f;f;;;;;;b;;e;;;;;;;;;;;;;p
f;;g;;;;;b;p;e;;;;;;;;;;;;;p
;;;;;;;b;p;e;;;;;;;;;;;;d;p
;f;;;;;;b;;e;;;;;;;;;;;y;;p
;;g;;;;;b;p;e;;;;;;;;;;;y;;p
;;;;;;;b;h;e;;;;;;;;;;;;;p
f;;w;t;;;;b;;;;;;;;;;;;;;;p
;s;;t;;;;b;p;;;;;;;;;;;;;;p
;y;;;;;;b;h;;;;;;;;;;;;;;p
f;;;;;;;b;g;;;;;;;;;;;;;;p
;;y;;;;;b;;;;;;;;;;;;;;d;p
;;;;;;;b;h;;;;;;;;;;;;;d;p
;f;y;;;;;b;;;;;;;;;;;;;;;p
;f;;;;;;b;;;;;;;n;;;;;;;;p
;;;;;;;b;;;;;;;;;;;;h;;;p
;;;;;;;b;g;;;;;;;;;;;;y;;p
;;;;;;;b;h;;;;;;;;;;;;y;;p
;;;;;;;b;;;;;;;;;;;;;;u;p
;;;f;;;;;;;b;s;;;;;;;p;;;;p
;;;f;;;;;;;;s;;;;;;;p;;;d;p
;;;f;;;;;;;b;s;;;;;;;;;;d;p
;s;;f;;;;;;;b;s;;;;;;;;;;;p
f;s;;f;;;;;;;;s;;;;;;;;w;;;p
;s;;f;;;;;;;;s;;;;;;;;;;d;p
;;n;f;;;;;;;;s;;;;;;;;;;d;p
;s;n;f;;;;;;;;s;;;;;;;;w;;;p
;;;f;;;;;;;;s;;;;;;;;;;p;p
;;;;;;;;;e;;s;;;;;;;p;;;d;p
;;;;;;;;;e;b;s;;;;;;;;;;d;p
;s;;;;;;;;e;;s;;;;;;;;;;d;p
;;;;;;;;;;;s;;;;;;;;w;;d;p
;s;n;;;;;;;;;s;;;;;;;;;;d;p
k;;;;;;;;;;;s;;;;;;;;;;d;p
k;;;;;;;;;;;s;;;;;;;;;;p;p
f;;;f;;;;;;;?;;s;w;;;;;;;;;p
;y;;f;;;;;;;;;s;;w;;;;;;;;p
f;;;f;;;;;;;?;;s;;w;;;;;;;;p
;;;f;;;;;;;b;;s;;;;;;p;;;;p
;s;;f;;;;;;;b;;s;;;;;;;;;;p
;y;;f;;;;;;;?;;s;;;;;;;;;;p
f;s;;f;;;;;;;;;s;;;;;;;w;;;p
;;;f;;;;;;;;;s;;;;;;;;;d;p
;s;n;f;;;;;;;;;s;;;;;;;w;;;p
;;w;f;;;;n;;;;;s;;;;;;;;;;p
;;;f;;;;;;;;;s;;;;;;;;;p;p
;;;;;;;;;;?;;s;w;;;;;;;v;;p
;;;;;;;;;;?;;s;;w;;;;;;v;;p
;;;;;;;n;w;e;;;s;;w;;;;;;;;p
;y;;;;;;n;;;;;s;;w;;;;;;;;p
;;w;;;;;;;e;;;s;;;;;;;;v;;p
;y;;;;;;;;;?;;s;;;;;;;;v;;p
f;;;;;;;;;;;;s;;;;;;p;;;g;p
f;;;;;;;;;;;;s;;;;;;p;;s;;p
;;n;;;;;;;;;;s;;;;;;p;;;g;p
;;n;;;;;;;;;;s;;;;;;p;;s;;p
f;;;t;;;;;;e;;;s;;;;;;;n;;;p
f;;;t;;;;;;e;;;s;;;;;;;k;;;p
;;n;t;;;;;;e;;;s;;;;;;;n;;;p
;;n;t;;;;;;e;;;s;;;;;;;k;;;p
;;;t;;;;;p;e;;;s;;;;;;;;;;p
f;;;;;;;;;e;;;s;;;;;;;;;g;p
f;;;;;;;;;e;;;s;;;;;;;;s;;p
f;;w;;;;;;;e;;;s;;;;;;;;;;p
;;;;;;;;;e;;;s;;;;;;;;;d;p
;;w;;;;;n;;e;;;s;;;;;;;;;;p
;;n;;;;;;;e;;;s;;;;;;;;;g;p
;;n;;;;;;;e;;;s;;;;;;;;s;;p
f;;;t;;;;;;;;;s;;;;;;;;;g;p
f;;;t;;;;;;;;;s;;;;;;;;s;;p
;;n;t;;;;;;;;;s;;;;;;;;;g;p
;;n;t;;;;;;;;;s;;;;;;;;s;;p
;;;t;;;;;p;;;;s;;;;;;;;;g;p
;;;t;;;;;p;;;;s;;;;;;;;s;;p
;y;;;;;;n;;;;;s;;;;;;;;;d;p
;y;w;;;;;n;;;;;s;;;;;;;;;;p
;;;;;;;;;;?;;s;;;;;;;;;d;p
;s;n;;;;;;;;;;s;;;;;;;;;d;p
;;;;;;;;;;;;s;;;;;;;w;;d;p
k;;;;;;;;;;;;s;;;;;;;;;d;p
;;;;;;;n;;;?;;s;;;;;;;;;;p
;;;;;;;;;;;;s;;;;;;;h;;;p
k;;;;;;;;;;;;s;;;;;;;;;p;p
;;;f;;;;;;t;;;;;;;;;;;v;;p
;;;f;;;;n;;t;;;;;;;;;;;;;p
;y;;f;;;;;;t;;;;;;;;;;;;;p
;;;f;;;;;;t;;;;;;;;;;;;d;p
;s;;f;;;;;;;;;;w;;;;;;;v;;p
;;;f;;;;;;;b;;;w;;;;;p;;;;p
;;;f;;;;;;;;;;w;;;;;p;;;d;p
;;;f;;;;;;;b;;;w;;;;;;;;d;p
;s;;f;;;;;;;b;;;w;;;;;;;;;p
f;s;;f;;;;;;;?;;;w;;;;;;;;;p
f;s;;f;;;;;;;;;;w;;;;;;w;;;p
;s;;f;;;;;;;;;;w;;;;;;;;d;p
;;n;f;;;;;;;;;;w;;;;;;;;d;p
k;s;n;f;;;;;;;;;;w;;;;;;;;;p
;;n;f;;;;;;;?;;;w;;;;;;;;;p
;;;f;;;;;;;;;;w;;;;;;;;p;p
;;;f;;;;;;;;;;;w;;;;;w;v;;p
;s;;f;;;;;;;;;;;w;;;;;;v;;p
;;;f;;;;;;;;;;;w;;;;p;;;d;p
;;;f;;;;;;;b;;;;w;;;;;;;;p
;y;;f;;;;;;;;;;;w;;;;e;;;;p
;y;;f;;;;;;;;;;;w;;;;;w;;;p
;y;n;f;;;;;;;;;;;w;;;;;;;;p
k;y;;f;;;;;;;;;;;w;;;;;;;;p
f;s;;f;;;;;;;?;;;;w;;;;;;;;p
f;;;f;;;;;;;;;;;w;;;;;w;;;p
;s;;f;;;;;;;;;;;w;;;;;;;d;p
;;n;f;;;;;;;;;;;w;;;;;;;d;p
;;;f;;;;;;;;;;;w;;;;e;w;;;p
k;;;f;;;;;;;;;;;w;;;;e;;;;p
;;;f;;;w;n;;;;;;;w;;;;;;;;p
;;n;f;;;;;;;?;;;;w;;;;;;;;p
;;n;f;;;;;;;;;;;w;;;;;w;;;p
k;;n;f;;;;;;;;;;;w;;;;;;;;p
;;;f;;;;;;;;;;;w;;;;;;;p;p
;;;f;;;;;;;b;;;;;;;;p;;v;;p
;;;f;;;;;;;;;;;;;;;p;;v;d;p
;;;f;;;;;;;b;;;;;;;;;;v;d;p
;s;;f;;;;;;;;;;;;;;;;;v;d;p
;;n;f;;;;;;;;;;;;;;;;;v;d;p
;s;;f;;;;;;;;;;;;;;;;w;v;;p
;;;f;;;;;;;;;;;;;;;;;v;p;p
;;;f;;;;n;;;b;;;;;;;;p;;;;p
;f;;f;;;;;;;b;;;;;;;;p;;;;p
;;;f;;;w;;;;b;;;;;;;;p;;;;p
;;;f;;;;n;;;;;;;;;;;p;;;d;p
;;w;f;;;;;;;;;;;;;;;p;;;d;p
;;;f;;;w;n;;;;;;;;;;;p;;;;p
;;w;f;;;;n;;;;;;;;;;;p;;;;p
;;;f;;;;n;;;b;;;;;;;;;;;d;p
;f;;f;;;;;;;b;;;;;;;;;;y;;p
;;;f;;;;;;;b;;;;;;;;;n;;;p
;;;f;;;;;;;b;;;;;;;;;k;;;p
;;g;f;;;;;;;b;;;;;;;;;;;;p
;;;f;;;;;p;;b;;;;;;;;;;;;p
;;w;f;;;;;;;b;;;;;;;;;;;;p
f;;;f;;;;;;e;;;;;;;;;;;;g;p
;y;;f;;;;;;;?;;;;;;;;;w;;;p
;y;n;f;;;;;;;?;;;;;;;;;;;;p
k;y;;f;;;;;;;?;;;;;;;;;;;;p
;y;;f;;;;;;;;;;;;;;;;;;g;p
;y;g;f;;;;;;;;;;;;;;;;;;;p
;y;;f;;;;;g;;;;;;;;;;;;;;p
f;;;f;;;;;;;?;;;;;;;;;w;;;p
;f;;f;;;;;;;;;;;;;;;;;;d;p
;;;f;;;;;;;;;;;;;;;;n;;d;p
;;;f;;;;;;;;;;;;;;;;k;;d;p
;;g;f;;;;;;;;;;;;;;;;;;d;p
;;;f;;;w;;;;;;;;;;;;;;;d;p
;s;;f;;;;;;;;;;;;;;;e;w;;;p
k;s;;f;;;;;;;;;;;;;;;e;;;;p
;;;f;;;;;;;?;;;;;;;;e;;;;p
;s;;f;;;;n;;;;;;;;;;;;;;;p
;;n;f;;;;;;;?;;;;;;;;;w;;;p
;;;f;;;;;;;;;;;;;;;;;y;g;p
;;;f;;;;;;;;;;;p;;;;;;;;p
;;;f;;;;;;;;;;p;;;;;;;;;p
;;g;f;;;;;;;;;;;;;;;;;;p;p
;;e;f;;;;;;;;;;;;;;;;;;;p
;;;f;;;;;p;;;;;;;;;;;;;p;p
;;y;f;;;;;;;;;;;;;;;;;;;p
;;p;f;;;;;;;;;;;;;;;;;;;p
;;;;;;;;;t;;;;;;;;;e;;v;;p
;s;n;;;;;;;t;;;;;;;;;;;v;;p
;;;;;;;;;t;;;f;;;;;;;;v;;p
;;;;;;;;;t;;f;;;;;;;;;v;;p
;s;g;;;;;;;t;;;;;;;;;p;;;;p
;s;g;;;;;;;t;b;;;;;;;;;;;;p
;s;g;t;;;;;;t;;;;;;;;;;;;;p
;;;;;;;;;t;;;;;;;;;p;;;g;p
;;;t;;;;;;t;;;;;;;;;;;;g;p
;;;;;;;;;t;;;;;;;;;p;;s;;p
;;;t;;;;;;t;;;;;;;;;;;s;;p
;;;;;;;;;t;b;;f;;;;;;;;;;p
;;;;;;;;;t;b;f;;;;;;;;;;;p
;y;;;;;;;;t;;;;;;;;;e;;;;p
;y;;;;;;n;;t;;;;;;;;;;;;;p
;s;n;;;;;;;t;;;;;;;;;;;;d;p
;;;;;;;n;;t;;;;;;;;;e;;;;p
;;e;;;;;;;t;;;;;;;;;e;;;;p
;s;e;;;;;;;t;;;;;;;;;;;;;p
;;n;;;;;n;;t;;;;;;;;;;;;;p
;;;;;;;;;t;?;;;;;;;;;;;;p
;;;;;;;;;t;;;;;;;;;;w;;;p
;;;;;;;;;t;;k;;;;;;;;;;;p
;;;;;;;;;t;;;k;;;;;;;;;;p
;;;;;;;;;t;;;;;;;;;;h;;;p
;;;;;;;;;t;;;;;;;;;;;;p;p
;;;;;;;;;t;;;;;;;;;;;;l;p
k;;;;;;;;;t;;;;;;;;;;;;;p
;;;;;;;;;t;;;;;;;;;;;;u;p
;;b;;;;;;;t;;;;;;;;;;;;;p
;s;;;;;;;;e;;;;w;;;;;;n;v;;p
;s;;;;;;;;;?;;;w;;;;;;;v;;p
k;s;;;;;;;;;;;;w;;;;;;;v;;p
;;n;;;;;;;;?;;;w;;;;;;;v;;p
k;;;;;;;;;;?;;;w;;;;;;;v;;p
;;;;;;;;;e;;;;w;;;;;p;;;d;p
;;;;;;;;;e;b;;;w;;;;;;;;d;p
;s;;;;;;;;e;;;;w;;;;;;;;d;p
;;;;;;;;;;;;;w;;;;;;w;;d;p
;s;n;;;;;;;;;;;w;;;;;;;;d;p
k;;;;;;;;;;;;;w;;;;;;;;d;p
;s;;;;;;;;;;;;w;;;;;;;;l;p
;;;;;;;;;;?;;;w;;;;;;;;l;p
k;;;;;;;;;;;;;w;;;;;;;;p;p
;s;;;;;;;;e;;;;;w;;;;;n;v;;p
;;;;;;;;;;;;;;w;;;;e;;v;;p
;s;;;;;;;;;?;;;;w;;;;;;v;;p
;;n;;;;;;;;?;;;;w;;;;;;v;;p
k;;;;;;;;;;;;;;w;;;;;;v;;p
;;;;;;;;;;;f;;;w;;;;;;v;;p
;;;;;;;;;e;;;;;w;;;;p;;;d;p
;;;;;;;;;e;b;;;;w;;;;;;;d;p
;;;;;;;n;;e;b;;;;w;;;;;;;;p
;f;;;;;;;;e;b;;;;w;;;;;;;;p
;;;;;;w;;;e;b;;;;w;;;;;;;;p
;;;;;;;;;;b;;f;;w;;;;;;;;p
;;;;;;;;;;b;f;;;w;;;;;;;;p
;s;;;;;;;;e;;;;;w;;;;;;;d;p
;;;;;;w;n;;e;;;;;w;;;;;;;;p
;y;n;;;;;n;;;;;;;w;;;;;;;;p
;;;;;;;;;;;;;;w;;;;;w;;d;p
;s;n;;;;;;;;;;;;w;;;;;;;d;p
k;;;;;;;;;;;;;;w;;;;;;;d;p
;;;;;;;n;;;;;;;w;;;;e;;;;p
;;;;;;;n;;;;;;;w;;;;;w;;;p
k;;;;;;;n;;;;;;;w;;;;;;;;p
k;;;;;;;;;;;;;;w;;;;;;;p;p
;;;;;;;;;;;;;;w;;;;;;;l;p
;;;;;;;;;e;;;;;;;;;p;;v;d;p
;;w;;;;;;;e;;;;;;;;;p;;v;;p
;;;;;;;;;e;b;;;;;;;;;;v;d;p
;;;t;;;;;;e;;;;;;;;;;n;v;;p
;;;t;;;;;;e;;;;;;;;;;k;v;;p
;;w;t;;;;;;e;;;;;;;;;;;v;;p
;s;w;;;;;;;e;;;;;;;;;;;v;;p
;;y;;;;;;;e;;;;;;;;;;;v;;p
;y;n;;;;;;;;?;;;;;;;;;;v;;p
k;y;;;;;;;;;?;;;;;;;;;;v;;p
;y;y;;;;;;;;;;;;;;;;;;v;;p
;y;;;;;;;g;;;;;;;;;;;;v;;p
;;;;;;;;;;;;;;;;;;;w;v;d;p
;s;n;;;;;;;;;;;;;;;;;;v;d;p
k;;;;;;;;;;;;;;;;;;;;v;d;p
;;;;;;;;;;;;;;n;;;;;;v;d;p
;s;;;;;;;;;;;;;;;;;e;;v;;p
;;;;;;;;;;?;;;;;;;;e;;v;;p
;;e;;;;;;;;;;;;;;;;e;;v;;p
k;s;;;;;;;;;;;;;;;;;;w;v;;p
;s;;;;;;;;;;;;;;;;;;k;v;;p
;s;e;;;;;;;;;;;;;;;;;;v;;p
;s;;;;;;;;;e;;;;;;;;;;v;;p
;s;;;;;;;;;;;f;;;;;;;;v;;p
;s;;;;;;;;;;f;;;;;;;;;v;;p
;;;;;;;;;;?;;;;;;;;;w;v;;p
;;e;;;;;;;;?;;;;;;;;;;v;;p
;;e;;;;;;;;;;;;;;;;;w;v;;p
;;;;;;;;;;;k;;;;;;;;;v;;p
;f;;;;;;;h;;;;;;;;;;;;v;;p
;;;;;;;;;;;;k;;;;;;;;v;;p
;;;;;;;;;;;;;;;;;;;;v;g;p
;;g;;;;;;h;;;;;;;;;;;;v;;p
k;;e;;;;;;;;;;;;;;;;;;v;;p
;;;;;;;;p;;;;;;;;;;;;v;p;p
;;y;;;;;;;;;;;;;;;;;;v;p;p
k;;;;;;;;;;;;;;;;;;;;v;p;p
;;;;;;;;;;;;;;n;;;;;;v;p;p
;;w;;;;;;;;e;;;;;;;;;;v;;p
;;y;;;;;;g;;;;;;;;;;;;v;;p
;;;;;;;;;;;;;n;;;;;;;v;;p
;;b;;;;;;;;;;;;;;;;;;v;;p
;;;;;;;n;;e;b;;;;;;;;p;;;;p
;f;;;;;;;;e;b;;;;;;;;p;;;;p
;;;;;;w;;;e;b;;;;;;;;p;;;;p
f;;w;;;;;;;e;;;;;;;;;p;;;;p
;;;;;;;n;;e;;;;;;;;;p;;;d;p
;;w;;;;;;;e;;;;;;;;;p;;;d;p
;;;;;;w;n;;e;;;;;;;;;p;;;;p
;;;;;;;n;w;e;;;;;;;;;p;;;;p
;;w;;;;;n;;e;;;;;;;;;p;;;;p
;y;;;;;;n;;;;;;;;;;;p;;;;p
f;s;;;;;;;;;;;;;;;;;p;;;g;p
f;s;;;;;;;;;;;;;;;;;p;;s;;p
f;;w;;;;;;;;;;;;;;;;p;;;g;p
f;;w;;;;;;;;;;;;;;;;p;;s;;p
;s;;;;;;;;;e;;;;;;;;p;;;;p
;;;;;;;;;;;;;;;;;;p;h;;;p
;;;;;;;;;;e;;;;;;;;p;;;g;p
;;;;;;;;;;e;;;;;;;;p;;s;;p
;;w;;;;;;;;e;;;;;;;;p;;;;p
;;;;;;;;h;;;;;;;;;;p;;;;p
;;;;;;;;;;;;f;;;;;;p;;;;p
;;;;;;;;;;;f;;;;;;;p;;;;p
;;b;;;;;;;;;;;;;;;;p;;;;p
;;;;;;;n;;e;b;;;;;;;;;;;d;p
;f;g;;;;;;;e;b;;;;;;;;;;;;p
;f;;;;;;;;e;b;;;;;;;;;;y;;p
;;;;;;;;;e;b;;;;;;;;;n;;;p
;;;;;;;;;e;b;;;;;;;;;k;;;p
;;;;;;;;p;e;b;;;;;;;;;;;;p
;;y;;;;;;;e;b;;;;;;;;;;;;p
;;w;;;;;;;e;b;;;;;;;;;;;;p
;y;y;;;;;;;;b;;;;;;;;;;;;p
;s;;;;;;;;;b;;f;;;;;;;;;;p
;s;;;;;;;;;b;f;;;;;;;;;;;p
;;;;;;;n;;;b;;;;;;;;;k;;;p
;;g;;;;;n;;;b;;;;;;;;;;;;p
;;;;;;;;;;b;k;;;;;;;;;;;p
;;;;;;;;;;b;;k;;;;;;;;;;p
;;;;;;;;;;b;;;;;;;;;h;;;p
;;;;;;;;;;b;;;;;;;;;;;g;p
;;y;;;;;;;;b;;;;;;;;;;y;;p
;;;;;;;;p;;b;;;;;;;;;;;p;p
;;;;;;;;;;b;;;;;;;;;;s;;p
;;y;;;;;;;;b;;;;;;;;;;;p;p
;;;;;;;;g;;b;;;;;;;;;;;;p
;;;;;;;;h;;b;;;;;;;;;;;;p
;;;;;;;;;;b;;;;;;;;;;;u;p
;;b;;;;;;;;b;;;;;;;;;;;;p
f;;w;t;;;;;;e;;;;;;;;;;;;;p
;;;t;;;;n;;e;;;;;;;;;;;;;p
;y;g;;;;;;p;e;;;;;;;;;;;;;p
f;f;;;;;;;;e;;;;;;;;;;;;g;p
f;;g;;;;;;;e;;;;;;;;;;;;g;p
;f;;;;;;;;e;;;;;;;;;;;;d;p
;;;;;;;;;e;;;;;;;;;;n;;d;p
;;;;;;;;;e;;;;;;;;;;k;;d;p
;;g;;;;;;;e;;;;;;;;;;;;d;p
;;;;;;w;;;e;;;;;;;;;;;;d;p
;;y;;;;;;;e;;;;;;;;;;;;d;p
;s;;;;;;n;;e;;;;;;;;;;;;;p
;s;;;;;;;;e;e;;;;;;;;;;;;p
;;w;;;;;n;;e;;;;;;;;;;n;;;p
;f;y;;;;;;;e;;;;;;;;;;;;;p
;f;;;;;;;h;e;;;;;;;;;;;;;p
;;;;;;;;;e;e;;;;;;;;;;;g;p
;;;;;;;;h;e;;;;;;;;;;;;g;p
;;;;;;;;;e;;;;;p;;;;;;;;p
;;;;;;;;;e;;;;p;;;;;;;;;p
;;g;;;;;;h;e;;;;;;;;;;;;;p
;;;;;;;;;e;e;;;;;;;;;;s;;p
;;w;;;;;;;e;e;;;;;;;;;;;;p
;y;;t;;;;n;;;;;;;;;;;;;;;p
f;s;;t;;;;;;;;;;;;;;;;;;g;p
f;s;;t;;;;;;;;;;;;;;;;;s;;p
f;;w;t;;;;;;;;;;;;;;;;;;g;p
f;;w;t;;;;;;;;;;;;;;;;;s;;p
;s;;t;;;;;p;;;;;;;;;;;;;g;p
;s;;t;;;;;p;;;;;;;;;;;;s;;p
;;n;t;;;;n;;;;;;;;;;;;;;;p
;;;t;;;;n;;;;;;;;;;;;k;;;p
;;;t;;;;n;k;;;;;;;;;;;;;;p
;;;t;;;;;;;;;;;;;;;;h;;;p
;;;t;;;;;;;e;;;;;;;;;;;;p
;;;t;;;;;h;;;;;;;;;;;;;;p
;;;t;;;;;;;;;f;;;;;;;;;;p
;;;t;;;;;;;;f;;;;;;;;;;;p
;;;t;;;;;;;;;;;;;;;;;;u;p
f;y;;;;;;;g;;;;;;;;;;;;;;p
;y;y;;;;;;;;;;;;;;;;;;;d;p
;y;;;;;;n;;;;;;;;;;;;n;;;p
;y;;;;;;n;;;;;;;;;;;;k;;;p
;y;;;;;;;;;?;;;;;;;;;;;l;p
;y;;;;;;;;;;k;;;;;;;;;;;p
;y;;;;;;;;;;;k;;;;;;;;;;p
;y;g;;;;;;;;;;;;;;;;;;;g;p
;y;;;;;;;h;;;;;;;;;;;;;g;p
;y;g;;;;;;g;;;;;;;;;;;;;;p
;y;g;;;;;;h;;;;;;;;;;;;;;p
;y;;;;;;;g;;;;;;;;;;;;y;;p
;y;;;;;;;;;e;;;;;;;;;;;;p
;y;;;;;;;;;;;;;;;;;;;;u;p
f;;;;;;;;;;;k;;;;;;;;;;;p
f;;;;;;;;;;;;k;;;;;;;;;;p
f;;;;;;;;g;;;;;;;;;;;;;g;p
f;;y;;;;;;g;;;;;;;;;;;;;;p
;;;;;;;;;;;;;;;;;;e;;;d;p
;s;;;;;;;;;?;;;;;;;;;;;d;p
;s;e;;;;;;;;;;;;;;;;;;;d;p
;;;;;;;n;;;;;;;;;;;;w;;d;p
;;n;;;;;n;;;;;;;;;;;;;;d;p
;;;;;;;n;;;;;;;;;;;;k;;d;p
;;g;;;;;n;;;;;;;;;;;;;;d;p
k;;;;;;;n;;;;;;;;;;;;;;d;p
;;;;;;;;;;?;;;;;;;;;w;;d;p
;;n;;;;;;;;?;;;;;;;;;;;d;p
;;e;;;;;;;;?;;;;;;;;;;;d;p
k;;;;;;;;;;?;;;;;;;;;;;d;p
;;e;;;;;;;;;;;;;;;;;w;;d;p
;;;;;;;;;;;k;;;;;;;;;;d;p
;f;;;;;;;h;;;;;;;;;;;;;d;p
;f;;;;;;;;;;;;;n;;;;;;;d;p
;;;;;;;;;;;;k;;;;;;;;;d;p
;;g;;;;;;h;;;;;;;;;;;;;d;p
;;y;;;;;;;;;;;;;;;;;;y;d;p
k;;e;;;;;;;;;;;;;;;;;;;d;p
;;;;;;;;;;;;;;;;;;;;s;d;p
;;;;;;;;g;;;;;;;;;;;;;d;p
;;p;;;;;;;;;;;;;;;;;;;d;p
;s;;;;;;n;;;;;;;;;;;e;;;;p
;s;;;;;;;;;;;;;;;;;e;;;l;p
;;;;;;;n;;;?;;;;;;;;e;;;;p
;;;;;;;;;;?;;;;;;;;e;;;l;p
;;;;;;;;;;;k;;;;;;;e;;;;p
;;;;;;;;;;;;k;;;;;;e;;;;p
;;;;;;;;;;;;;;p;;;;e;;;;p
;;;;;;;;;;;;;p;;;;;e;;;;p
;;;;;;;;;;;;;;;;;;e;;;p;p
;s;;;;;;n;;;?;;;;;;;;;;;;p
;s;;;;;;n;;;;;;;;;;;;w;;;p
;s;n;;;;;n;;;;;;;;;;;;;;;p
;s;;;;;;n;;;;;;;;;;;;k;;;p
;s;;;;;;n;;;e;;;;;;;;;;;;p
;s;;;;;;n;;;;;;;;;;;;;;l;p
k;s;;;;;;n;;;;;;;;;;;;;;;p
;s;;;;;;;;;;;;;;;;;;w;;l;p
;s;;;;;;;;;;;;;p;;;;;;;;p
;s;;;;;;;;;;;;p;;;;;;;;;p
;s;;;;;;;;;;;;;;;;;;h;;;p
;s;;;;;;;;;;;;;;;;;;;;u;p
;;;;;;;n;;;?;;;;;;;;;w;;;p
;;n;;;;;n;;;?;;;;;;;;;;;;p
;;;;;;;n;;;?;;;;;;;;;;;l;p
k;;;;;;;n;;;?;;;;;;;;;;;;p
;;;;;;;n;;;;k;;;;;;;;;;;p
;;;;;;;n;;;;;k;;;;;;;;;;p
;;;;;;;n;;;;;;;;;;;;;;g;p
;;w;;;;;n;;;;;;;;;;;;k;;;p
;;;;;;;n;;;;;;;p;;;;;;;;p
;;;;;;;n;;;;;;p;;;;;;;;;p
;;e;;;;;n;;;;;;;;;;;;;;;p
;;;;;;;n;;;;;;;;;;;;;s;;p
;;;;;;;n;;;;;;;;;;;;;;p;p
;;w;;;;;n;;;e;;;;;;;;;;;;p
;;p;;;;;n;;;;;;;;;;;;;;;p
;;;;;;;;;;?;;;;;;;;;w;;l;p
;;;;;;;;;;?;;;;p;;;;;;;;p
;;;;;;;;;;?;;;p;;;;;;;;;p
;;;;;;;;;;?;;;;;;;;;;;p;p
;;;;;;;;;;;;;;p;;;;;w;;;p
;;;;;;;;;;;;;p;;;;;;w;;;p
;;n;;;;;;;;;k;;;;;;;;;;;p
;;;;;;;;;;;k;;;p;;;;;;;;p
;;;;;;;;;;;k;;p;;;;;;;;;p
;;;;;;;;;;;k;;;;;;;;;y;;p
;;;;;;;;;;;k;;;;;;;;h;;;p
;;e;;;;;;;;;k;;;;;;;;;;;p
;;;;;;;;;;;k;;;;;;;;;;p;p
;;y;;;;;;;;;k;;;;;;;;;;;p
;;;;;;;;;;;k;;;;;;;;;;l;p
;;;;;;;;h;;;k;;;;;;;;;;;p
;;;;;;;;;;;k;;;n;;;;;;;;p
;;;;;;;;;;;k;;n;;;;;;;;;p
;;;;;;;;;;;k;y;;;;;;;;;;p
;f;;;;;;;;;;;;;;;;;;h;;;p
;f;;;;;;;;;;;;;;;;;;;y;g;p
;f;y;;;;;;;;;;;;;;;;;;;g;p
;f;y;;;;;;;;;;;;;;;;;;y;;p
;f;;;;;;;h;;;;;;;;;;;;y;;p
;f;;;;;;;;;;;;;n;;;;;;y;;p
;f;;;;;;;;;;;;;;;;;;;;p;p
;f;y;;;;;;g;;;;;;;;;;;;;;p
;f;;;;;;;;;;;;n;;;;;;;;;p
;;n;;;;;;;;;;k;;;;;;;;;;p
;;;;;;;;;;;;k;;p;;;;;;;;p
;;;;;;;;;;;;k;p;;;;;;;;;p
;;;;;;;;;;;;k;;;;;;;;y;;p
;;;;;;;;;;;;k;;;;;;;h;;;p
;;e;;;;;;;;;;k;;;;;;;;;;p
;;;;;;;;;;;;k;;;;;;;;;p;p
;;y;;;;;;;;;;k;;;;;;;;;;p
;;;;;;;;;;;;k;;;;;;;;;l;p
;;;;;;;;h;;;;k;;;;;;;;;;p
;;;;;;;;;;;;k;;n;;;;;;;;p
;;;;;;;;;;;;k;n;;;;;;;;;p
;;;;f;;;;;;;;;;;;;;;;;;p
;;;;;;;;;;;;;;p;;;;;;;g;p
;;;;;;;;;;;;;p;;;;;;;;g;p
;;g;;;;;;;;;;;;;;;;;;y;g;p
;;;;;;;;g;;;;;;;;;;;;y;g;p
;;;;;;;;h;;;;;;;;;;;;y;g;p
;;;;;;;;;;;;;;;;;;;h;;g;p
;;;;;;;;;;;;;;n;;;;;;;g;p
;;;;;;;;;;;;;n;;;;;;;;g;p
;;b;;;;;;;;;;;;;;;;;;;g;p
;;;;;;;;;;;;;;p;;;;;h;;;p
;;;;;;;;;;;;;;p;;;;;;;p;p
;;y;;;;;;;;;;;;p;;;;;;;;p
;;;;;;;;;;;;;;p;;;;;;;l;p
k;;;;;;;;;;;;;;p;;;;;;;;p
;;;;;;;;g;;;;;;p;;;;;;;;p
;;;;;;;;h;;;;;;p;;;;;;;;p
;;;;;;;;;;;;;n;p;;;;;;;;p
;;;;;;;;;;;;;p;;;;;;h;;;p
;;;;;;;;;;;;;p;;;;;;;;p;p
;;y;;;;;;;;;;;p;;;;;;;;;p
;;;;;;;;;;;;;p;;;;;;;;l;p
k;;;;;;;;;;;;;p;;;;;;;;;p
;;;;;;;;g;;;;;p;;;;;;;;;p
;;;;;;;;h;;;;;p;;;;;;;;;p
;;;;;;;;;;;;;p;n;;;;;;;;p
;;g;;;;;;h;;;;;;;;;;;;y;;p
;;g;;;;;;;;;;;;;;;;;h;;;p
;;g;;;;;;p;;;;;;;;;;;;;p;p
;;g;;;;;;;;;;;;n;;;;;;;;p
;;g;;;;;;;;;;;n;;;;;;;;;p
;;;;;;;;b;;;;;;;;;;;;;;p
;;y;;;;;;g;;;;;;;;;;;;y;;p
;;;;;;;;;;;;;;;;;;;h;s;;p
;;;;;;;;;;;;;;;;;;;h;;p;p
;;y;;;;;;;;;;;;;;;;;h;;;p
;;;;;;;;g;;;;;;;;;;;h;;;p
;;;;;;;;;;;f;;;;;;;;h;;;p
;;;;;;;;;;;;;;n;;;;;h;;;p
;;;;;;;;;;;;;n;;;;;;h;;;p
;;;;;;;;;;;;;;;;;;;h;;u;p
;;b;;;;;;;;;;;;;;;;;h;;;p
;;e;;;;;;;;;;;;;;;;;;;p;p
;;e;;;;;;;;;;;;;;;;;;;l;p
;;;;;;;;p;;;;;;n;;;;;;;;p
;;;;;;;;p;;;;;n;;;;;;;;;p
;;;;;;;;;;;;;;;;;;l;;;;p
;;;;;;;;;;;;;;;;;;;;s;u;p
;;;;;;;;w;;e;;;;;;;;;;;;p
;;;;;;;;w;;;;;;;;;;;;;u;p
;;;;;;;;g;;;;;;;;;;;;;p;p
;;;;;;;;h;;;;;;;;;;;;;p;p
;;y;;;;;;h;;;;;;;;;;;;;;p
;;y;;;;;;;;;;;;n;;;;;;;;p
;;y;;;;;;;;;;;n;;;;;;;;;p
;;w;;;;;;;;;;;;;;;;;;;u;p
;;;;;;;;g;;;;;;n;;;;;;;;p
;;;;;;;;g;;;;;n;;;;;;;;;p
;;;;;;;;h;;;;;;n;;;;;;;;p
;;;;;;;;h;;;;;n;;;;;;;;;p
;;;;;;;;;;;;f;;;;;;;;;u;p
;;;;y;;;;;;;;;;;;;;;;;;p
;;;;s;;;;;;;;;;;;;;;;;;p
;;;;;;;;;;;f;;;;;;;;;;u;p
;;;;;;;;;;;;;;b;;;;;;;;p
;;;;;;;;;;;;;b;;;;;;;;;p
;;;;p;;;;;;;;;;;;;;;;;;p
;;;;c;;;;;;;;;;;;;;;;;;p
;;;;;;;;;;;;;;;;;;;r;;;p
